experiment,axis,value,n,seed,negfrac,bscale,method,status,N_DCA,N_E,N_Av,first_escape_dca,q,S,runtime_sec,stages_completed,objective_gap,ref_feas,ref_stationarity,ref_complementarity,ref_shifted_psd
E5,gap,0.1,200,0,,,persistent_cc_dca,GREEN,1655,1,123,16.0,-2.499999999994931,1.0066932710424159e-06,0.223112246000255,5,,,,,
E5,gap,0.25,200,0,,,persistent_cc_dca,GREEN,669,1,123,15.0,-2.499999999997977,1.005489265490529e-06,0.202107607000016,5,,,,,
E5,gap,0.5,200,0,,,persistent_cc_dca,GREEN,340,1,123,14.0,-2.4999999999990052,9.973023914081704e-07,0.21347316199990002,5,,,,,
E5,gap,1.0,200,0,,,persistent_cc_dca,GREEN,159,1,123,13.0,-2.4999999999995293,9.671265200059124e-07,0.19978337800012003,5,,,,,
E5,gap,2.0,200,0,,,persistent_cc_dca,GREEN,73,1,123,15.0,-2.499999999999773,9.521749163367779e-07,0.17977222300032702,5,,,,,
E5,multiplicity,1.0,200,0,,,persistent_cc_dca,GREEN,73,1,123,15.0,-2.499999999999773,9.521749163367779e-07,0.21880568100004802,5,,,,,
E5,multiplicity,2.0,200,0,,,persistent_cc_dca,GREEN,73,1,123,15.0,-2.499999999999818,8.562506368380089e-07,0.16355022499965302,5,,,,,
E5,multiplicity,4.0,200,0,,,persistent_cc_dca,GREEN,95,1,123,15.0,-2.499999999999817,8.544407893432513e-07,0.183267047999834,5,,,,,
E5,multiplicity,8.0,200,0,,,persistent_cc_dca,GREEN,86,1,123,15.0,-2.499999999999842,7.941676106826371e-07,0.18744558100024702,5,,,,,
E5,multiplicity,16.0,200,0,,,persistent_cc_dca,GREEN,84,1,123,14.0,-2.499999999999795,9.021277419293484e-07,0.206589015999725,5,,,,,
E5,extra_negative,0.0,200,0,,,persistent_cc_dca,GREEN,73,1,123,15.0,-2.499999999999773,9.521749163367779e-07,0.18413731600003302,5,,,,,
E5,extra_negative,2.0,200,0,,,persistent_cc_dca,GREEN,80,1,123,15.0,-2.499999999999746,1.0063930557197348e-06,0.174950029999763,5,,,,,
E5,extra_negative,5.0,200,0,,,persistent_cc_dca,GREEN,82,1,123,15.0,-2.4999999999997833,9.29395949061168e-07,0.17940044199986002,5,,,,,
E5,extra_negative,10.0,200,0,,,persistent_cc_dca,GREEN,83,1,123,14.0,-2.499999999999827,8.278960862860609e-07,0.146507248000034,5,,,,,
E5,extra_negative,20.0,200,0,,,persistent_cc_dca,GREEN,86,1,123,13.0,-2.499999999999787,9.196409803851649e-07,0.16982982499985103,5,,,,,
E5,dimension,100.0,100,0,,,persistent_cc_dca,GREEN,80,1,100,15.0,-2.499999999999841,7.967559616418347e-07,0.091456367999853,5,,,,,
E5,dimension,200.0,200,0,,,persistent_cc_dca,GREEN,73,1,123,15.0,-2.499999999999773,9.521749163367779e-07,0.307562211000004,5,,,,,
E5,dimension,400.0,400,0,,,persistent_cc_dca,GREEN,84,1,128,15.0,-2.499999999999837,8.039437466947621e-07,0.298831707000317,5,,,,,
E5,dimension,800.0,800,0,,,persistent_cc_dca,GREEN,83,1,132,15.0,-2.499999999999755,9.917948158039996e-07,0.7696767420002281,5,,,,,
E5,generic,0.0,100,0,0.1,0.1,persistent_cc_dca,GREEN,237,0,100,,-2.51559897568926,1.005703798474045e-06,0.09351578699988701,5,7.984723993104126e-13,0.0,5.2079248222878445e-15,1.330637049097826e-13,0.01477532927393
E5,generic,0.0,100,0,0.1,0.5,persistent_cc_dca,GREEN,215,0,100,,-2.594083096225466,9.097756504716372e-07,0.09350900599974901,5,7.132072710192006e-13,4.218847493575595e-15,4.7006208259500915e-15,2.140824085186061e-14,0.074428711741962
E5,generic,0.0,100,0,0.25,0.1,persistent_cc_dca,GREEN,571,0,100,,-2.516095643281505,9.89715068403356e-07,0.10985857299965501,5,2.325251102774928e-12,3.552713678800501e-15,6.69220479509079e-15,1.781614250702515e-14,0.014798297238633
E5,generic,0.0,100,0,0.25,0.5,persistent_cc_dca,GREEN,454,0,100,,-2.6045880158941843,9.468168443362884e-07,0.115443805000268,5,6.005418384802397e-12,8.524292383071952e-13,6.1163294487320984e-15,4.327308779549174e-12,0.07644339856596301
E5,generic,0.0,200,0,0.1,0.1,persistent_cc_dca,GREEN,483,0,123,,-2.495599589397566,9.898591960063642e-07,0.20418387800009402,5,0.010443663979633,5.173639294753229e-14,7.458348718244926e-15,2.589522900540076e-13,0.005225051476246001
E5,generic,0.0,200,0,0.1,0.5,persistent_cc_dca,GREEN,532,0,123,,-2.494634870381796,9.597981675342427e-07,0.194277703999887,5,0.051823952810412,9.547918011776346e-15,7.19984854306563e-15,4.799072396002628e-14,0.026302477758481
E5,generic,0.0,200,0,0.25,0.1,persistent_cc_dca,GREEN,1196,0,123,,-2.496042603677062,1.001833680786322e-06,0.22936046300037502,5,0.010430107589602,7.083222897108499e-14,4.992082681361125e-15,3.5453168844809365e-13,0.0052312852221540005
E5,generic,0.0,200,0,0.25,0.5,persistent_cc_dca,GREEN,1762,0,123,,-2.506683105053934,9.680983659550794e-07,0.26013486100009603,5,0.049962765017625005,1.176836406102666e-14,6.1069032887185626e-15,5.915858055533853e-14,0.026916251788491004
E5,generic,0.0,400,0,0.1,0.1,persistent_cc_dca,GREEN,848,0,128,,-2.504466998824586,9.94260299682821e-07,0.33131537600002003,5,4.077627124843275e-12,1.820765760385256e-14,6.165984698224185e-15,9.109164660599683e-14,0.002930557455271
E5,generic,0.0,400,0,0.1,0.5,persistent_cc_dca,GREEN,872,0,128,,-2.552143560319241,9.643067299707878e-07,0.371642112999779,5,3.056221942188131e-12,0.0,5.923202719127033e-15,7.712952634295007e-13,0.016036189131737003
E5,generic,0.0,400,0,0.25,0.1,persistent_cc_dca,GREEN,1975,0,128,,-2.505886745590211,1.0023549902924971e-06,0.491266789000292,5,1.037747665577626e-11,3.26405569239796e-14,7.079870284914119e-15,1.63300434768237e-13,0.002991681439947
E5,generic,0.0,400,0,0.25,0.5,persistent_cc_dca,GREEN,2159,0,128,,-2.581126611060178,9.622043772268659e-07,0.48757655999997906,5,1.0362821711851211e-11,0.0,7.685476047940994e-15,2.677955317877748e-14,0.025182738212111002
E5,gap,0.1,200,1,,,persistent_cc_dca,GREEN,1655,1,123,16.0,-2.499999999994933,1.006692601248658e-06,0.25977564100003203,5,,,,,
E5,gap,0.25,200,1,,,persistent_cc_dca,GREEN,669,1,123,15.0,-2.499999999997985,1.003460993448827e-06,0.20510922599987602,5,,,,,
E5,gap,0.5,200,1,,,persistent_cc_dca,GREEN,340,1,123,14.0,-2.499999999999052,9.740431792028277e-07,0.18604810200031302,5,,,,,
E5,gap,1.0,200,1,,,persistent_cc_dca,GREEN,175,1,123,13.0,-2.499999999999559,9.378534161372346e-07,0.188282801999775,5,,,,,
E5,gap,2.0,200,1,,,persistent_cc_dca,GREEN,84,1,123,15.0,-2.499999999999759,9.807441545869744e-07,0.151566430999992,5,,,,,
E5,multiplicity,1.0,200,1,,,persistent_cc_dca,GREEN,84,1,123,15.0,-2.499999999999759,9.807441545869744e-07,0.180150077999769,5,,,,,
E5,multiplicity,2.0,200,1,,,persistent_cc_dca,GREEN,83,1,123,15.0,-2.499999999999758,9.826671301162698e-07,0.176239523000276,5,,,,,
E5,multiplicity,4.0,200,1,,,persistent_cc_dca,GREEN,82,1,123,15.0,-2.49999999999978,9.359408261209045e-07,0.145616923000034,5,,,,,
E5,multiplicity,8.0,200,1,,,persistent_cc_dca,GREEN,96,1,123,15.0,-2.499999999999825,8.367368003984019e-07,0.174669982999603,5,,,,,
E5,multiplicity,16.0,200,1,,,persistent_cc_dca,GREEN,83,1,123,14.0,-2.49999999999984,7.952553954198631e-07,0.17475737299992,5,,,,,
E5,extra_negative,0.0,200,1,,,persistent_cc_dca,GREEN,84,1,123,15.0,-2.499999999999759,9.807441545869744e-07,0.18029128600028302,5,,,,,
E5,extra_negative,2.0,200,1,,,persistent_cc_dca,GREEN,80,1,123,15.0,-2.499999999999762,9.748507125281554e-07,0.148927190999984,5,,,,,
E5,extra_negative,5.0,200,1,,,persistent_cc_dca,GREEN,78,1,123,15.0,-2.499999999999786,9.242189456639039e-07,0.173451620000378,5,,,,,
E5,extra_negative,10.0,200,1,,,persistent_cc_dca,GREEN,78,1,123,14.0,-2.499999999999842,7.954711341723168e-07,0.16934292199994103,5,,,,,
E5,extra_negative,20.0,200,1,,,persistent_cc_dca,GREEN,75,1,123,13.0,-2.499999999999843,7.94306240435445e-07,0.15427323200037701,5,,,,,
E5,dimension,100.0,100,1,,,persistent_cc_dca,GREEN,83,1,100,15.0,-2.49999999999983,8.266775082083885e-07,0.087911580999843,5,,,,,
E5,dimension,200.0,200,1,,,persistent_cc_dca,GREEN,84,1,123,15.0,-2.499999999999759,9.807441545869744e-07,0.17063604099985202,5,,,,,
E5,dimension,400.0,400,1,,,persistent_cc_dca,GREEN,74,1,128,15.0,-2.499999999999835,8.153237173583718e-07,0.25307216800001703,5,,,,,
E5,dimension,800.0,800,1,,,persistent_cc_dca,GREEN,81,1,132,15.0,-2.499999999999841,7.99226135717722e-07,0.370497849999992,5,,,,,
E5,generic,0.0,100,1,0.1,0.1,persistent_cc_dca,GREEN,173,0,100,,-2.4962987203413682,9.937513352676091e-07,0.09554420900030801,5,0.00901012182633,0.0,5.773068312925135e-15,7.989700509776436e-13,0.004507960866622
E5,generic,0.0,100,1,0.1,0.5,persistent_cc_dca,GREEN,284,0,100,,-2.497750148663128,9.614861221655438e-07,0.09370632400032201,5,0.044698861760905005,0.0,6.30238480040407e-15,4.4610599668472355e-14,0.022707001092662
E5,generic,0.0,100,1,0.25,0.1,persistent_cc_dca,GREEN,566,0,100,,-2.496781178759351,9.921554558301297e-07,0.10571751600036801,5,0.008996511296067001,0.0,8.261594328557179e-15,7.884144527320952e-13,0.004514496881997
E5,generic,0.0,100,1,0.25,0.5,persistent_cc_dca,GREEN,664,0,100,,-2.553551585498056,9.554325526450784e-07,0.10796627899981101,5,-5.03499464343804e-11,0.0,8.384067874218987e-15,5.252446437991402e-11,0.023448325706973003
E5,generic,0.0,200,1,0.1,0.1,persistent_cc_dca,GREEN,463,0,123,,-2.498328978687298,9.803236327365738e-07,0.19456805900017501,5,0.005035863921877001,0.0,6.127267029527822e-15,2.471490767230846e-13,0.002519055438409
E5,generic,0.0,200,1,0.1,0.5,persistent_cc_dca,GREEN,483,0,123,,-2.508651562615363,9.648867216259583e-07,0.191131552000115,5,0.025043820793681,0.0,6.253150666287365e-15,9.165283005600683e-12,0.01266198661344
E5,generic,0.0,200,1,0.25,0.1,persistent_cc_dca,GREEN,1121,0,123,,-2.498728280194134,1.0029092559491059e-06,0.24107379399993,5,0.005032010607116001,1.6431300764452312e-13,5.536131708953152e-15,8.21979263097205e-13,0.002520949987631
E5,generic,0.0,200,1,0.25,0.5,persistent_cc_dca,GREEN,1266,0,123,,-2.518842442826216,9.653287480929413e-07,0.22022249899964602,5,0.024553106800148,0.0,5.68473646086491e-15,7.494127985628762e-11,0.012892503589840001
E5,generic,0.0,400,1,0.1,0.1,persistent_cc_dca,GREEN,947,0,128,,-2.502785097569775,1.007042135299074e-06,0.36528326000006905,5,1.479572020457453e-10,2.8759883363704827e-11,7.618716981469464e-15,1.438490738993266e-10,0.001726609255487
E5,generic,0.0,400,1,0.1,0.5,persistent_cc_dca,GREEN,902,0,128,,-2.534986479560382,9.583497498508179e-07,0.368937474000176,5,3.463451747620638e-12,0.0,7.261313181712185e-15,9.4534957069065e-14,0.008795263879140001
E5,generic,0.0,400,1,0.25,0.1,persistent_cc_dca,GREEN,2177,0,128,,-2.5035971125841563,1.0036841287133951e-06,0.536774050000076,5,1.17957643652744e-10,2.155120526481369e-11,6.565400216442874e-15,1.0779338052666121e-10,0.0017332767301770002
E5,generic,0.0,400,1,0.25,0.5,persistent_cc_dca,GREEN,1956,0,128,,-2.5546249263408782,9.638247558990396e-07,0.579337637000207,5,5.583888906812717e-11,9.42934619274638e-12,6.8128994429097324e-15,4.7237709797063476e-11,0.009648477367558
E5,gap,0.1,200,2,,,persistent_cc_dca,GREEN,1655,1,123,16.0,-2.499999999994933,1.006693432354589e-06,0.24247189200013902,5,,,,,
E5,gap,0.25,200,2,,,persistent_cc_dca,GREEN,669,1,123,15.0,-2.499999999997978,1.005508244738003e-06,0.20693086999972302,5,,,,,
E5,gap,0.5,200,2,,,persistent_cc_dca,GREEN,340,1,123,14.0,-2.499999999999008,9.961118863756833e-07,0.158854767999855,5,,,,,
E5,gap,1.0,200,2,,,persistent_cc_dca,GREEN,174,1,123,13.0,-2.4999999999995453,9.543622552833282e-07,0.17633440000008702,5,,,,,
E5,gap,2.0,200,2,,,persistent_cc_dca,GREEN,83,1,123,15.0,-2.499999999999819,8.529810438311177e-07,0.17271854199998402,5,,,,,
E5,multiplicity,1.0,200,2,,,persistent_cc_dca,GREEN,83,1,123,15.0,-2.499999999999819,8.529810438311177e-07,0.152183591999801,5,,,,,
E5,multiplicity,2.0,200,2,,,persistent_cc_dca,GREEN,83,1,123,15.0,-2.499999999999827,8.335255968202945e-07,0.173965357999804,5,,,,,
E5,multiplicity,4.0,200,2,,,persistent_cc_dca,GREEN,91,1,123,15.0,-2.499999999999777,9.437791296128031e-07,0.172047443999872,5,,,,,
E5,multiplicity,8.0,200,2,,,persistent_cc_dca,GREEN,86,1,123,15.0,-2.499999999999751,1.000868203400855e-06,0.175225072000102,5,,,,,
E5,multiplicity,16.0,200,2,,,persistent_cc_dca,GREEN,95,1,123,14.0,-2.499999999999819,8.518432517619974e-07,0.158054359999823,5,,,,,
E5,extra_negative,0.0,200,2,,,persistent_cc_dca,GREEN,83,1,123,15.0,-2.499999999999819,8.529810438311177e-07,0.20694574800018,5,,,,,
E5,extra_negative,2.0,200,2,,,persistent_cc_dca,GREEN,80,1,123,15.0,-2.499999999999748,1.004665738712187e-06,0.16255099199997802,5,,,,,
E5,extra_negative,5.0,200,2,,,persistent_cc_dca,GREEN,79,1,123,15.0,-2.499999999999836,8.112128543967133e-07,0.17283532800001902,5,,,,,
E5,extra_negative,10.0,200,2,,,persistent_cc_dca,GREEN,76,1,123,14.0,-2.499999999999842,7.976162922705656e-07,0.18711181600019702,5,,,,,
E5,extra_negative,20.0,200,2,,,persistent_cc_dca,GREEN,80,1,123,13.0,-2.499999999999752,9.962376042075086e-07,0.19561577900003602,5,,,,,
E5,dimension,100.0,100,2,,,persistent_cc_dca,GREEN,79,1,100,15.0,-2.499999999999752,9.941736404616908e-07,0.10069512900008701,5,,,,,
E5,dimension,200.0,200,2,,,persistent_cc_dca,GREEN,83,1,123,15.0,-2.499999999999819,8.529810438311177e-07,0.176257564000025,5,,,,,
E5,dimension,400.0,400,2,,,persistent_cc_dca,GREEN,87,1,128,15.0,-2.499999999999747,1.005166540504749e-06,0.30756432199996203,5,,,,,
E5,dimension,800.0,800,2,,,persistent_cc_dca,GREEN,82,1,132,15.0,-2.49999999999975,9.985817237840327e-07,0.480365426999924,5,,,,,
E5,generic,0.0,100,2,0.1,0.1,persistent_cc_dca,GREEN,219,0,100,,-2.49059647632079,9.660705073267616e-07,0.09204678899959601,5,0.021166561531283,1.887379141862766e-14,5.281662064972813e-15,9.456886449001237e-14,0.010591798565537
E5,generic,0.0,100,2,0.1,0.5,persistent_cc_dca,GREEN,377,1,100,242.0,-2.581912637406772,9.25618211505861e-07,0.098731620999842,5,1.862554555032147e-11,3.539391002504999e-12,4.731884250647414e-15,1.788610464593958e-11,0.053441293510867
E5,generic,0.0,100,2,0.25,0.1,persistent_cc_dca,GREEN,562,0,100,,-2.491424066827952,9.85527812389204e-07,0.10363925100000401,5,0.021127357438172,1.554312234475219e-14,6.6865760222748885e-15,7.788052884084464e-14,0.010610295243501001
E5,generic,0.0,100,2,0.25,0.5,persistent_cc_dca,GREEN,1197,1,100,831.0,-2.599915186598217,9.603619784003072e-07,0.12133085599998501,5,1.828759366162558e-12,0.0,7.301011752507666e-15,1.459293610311165e-14,0.055441661247317
E5,generic,0.0,200,2,0.1,0.1,persistent_cc_dca,GREEN,382,0,123,,-2.489651563072724,1.0011398379907658e-06,0.20249326600014603,5,0.022240360215959,0.0,8.082360947578153e-15,3.838794959784286e-14,0.011129145053985
E5,generic,0.0,200,2,0.1,0.5,persistent_cc_dca,GREEN,386,0,123,,-2.5744078625529463,9.561564939900419e-07,0.184463092999976,5,1.501465618503061e-12,0.0,8.484293164619931e-15,3.929358669961261e-15,0.056073783383589
E5,generic,0.0,200,2,0.25,0.1,persistent_cc_dca,GREEN,1101,0,123,,-2.512270615510536,1.0030549065493558e-06,0.25051002300006003,5,4.651390383969556e-12,0.0,6.227950019970618e-15,1.502142321346261e-14,0.011146369387018
E5,generic,0.0,200,2,0.25,0.5,persistent_cc_dca,GREEN,710,0,123,,-2.582589410084873,9.59168850672687e-07,0.20147798900006803,5,3.088640454507185e-12,7.549516567451064e-15,6.362961409134036e-15,3.818013828301235e-14,0.057295780715541006
E5,generic,0.0,400,2,0.1,0.1,persistent_cc_dca,GREEN,892,0,128,,-2.498424011253871,9.971698204220549e-07,0.35128764999990303,5,0.005404775885817,1.105782132526655e-13,5.7098507615369276e-15,5.531909797650373e-13,0.002712229587431
E5,generic,0.0,400,2,0.1,0.5,persistent_cc_dca,GREEN,1111,0,128,,-2.515333297065421,9.659506847328938e-07,0.38850533899994805,5,0.02577766972487,0.0,6.0790742411209836e-15,3.562726708830706e-14,0.014092086972775001
E5,generic,0.0,400,2,0.25,0.1,persistent_cc_dca,GREEN,2186,0,128,,-2.49925852156968,1.0059208573509259e-06,0.542390549999709,5,0.005352500756965001,0.0,7.543744336722696e-15,3.8823526652769564e-13,0.002735913208054
E5,generic,0.0,400,2,0.25,0.5,persistent_cc_dca,GREEN,2831,0,128,,-2.5584763388618743,9.642453496777546e-07,0.582207379999999,5,8.947509400059062e-12,0.0,7.814671720916044e-15,1.9271136788630482e-13,0.016733205796652002
E5,gap,0.1,200,3,,,persistent_cc_dca,GREEN,1655,1,123,16.0,-2.499999999994933,1.006693444194669e-06,0.22641645099974902,5,,,,,
E5,gap,0.25,200,3,,,persistent_cc_dca,GREEN,669,1,123,15.0,-2.499999999997978,1.005607379147685e-06,0.20178493200000902,5,,,,,
E5,gap,0.5,200,3,,,persistent_cc_dca,GREEN,340,1,123,14.0,-2.499999999999015,9.925767446907403e-07,0.192328420000194,5,,,,,
E5,gap,1.0,200,3,,,persistent_cc_dca,GREEN,144,1,123,13.0,-2.499999999999554,9.451130083871478e-07,0.174981664999904,5,,,,,
E5,gap,2.0,200,3,,,persistent_cc_dca,GREEN,67,1,123,15.0,-2.499999999999795,9.040849907857416e-07,0.16923154799997,5,,,,,
E5,multiplicity,1.0,200,3,,,persistent_cc_dca,GREEN,67,1,123,15.0,-2.499999999999795,9.040849907857416e-07,0.15218809799989602,5,,,,,
E5,multiplicity,2.0,200,3,,,persistent_cc_dca,GREEN,77,1,123,15.0,-2.4999999999998392,8.024673854950713e-07,0.17213867999998902,5,,,,,
E5,multiplicity,4.0,200,3,,,persistent_cc_dca,GREEN,93,1,123,15.0,-2.499999999999778,9.410140499704196e-07,0.17127212600007602,5,,,,,
E5,multiplicity,8.0,200,3,,,persistent_cc_dca,GREEN,81,1,123,15.0,-2.499999999999743,1.0120193276803599e-06,0.19050417199969102,5,,,,,
E5,multiplicity,16.0,200,3,,,persistent_cc_dca,GREEN,85,1,123,14.0,-2.49999999999981,8.708287932999845e-07,0.14529864899986902,5,,,,,
E5,extra_negative,0.0,200,3,,,persistent_cc_dca,GREEN,67,1,123,15.0,-2.499999999999795,9.040849907857416e-07,0.175311796000187,5,,,,,
E5,extra_negative,2.0,200,3,,,persistent_cc_dca,GREEN,78,1,123,15.0,-2.4999999999998153,8.570746292657371e-07,0.173845571000128,5,,,,,
E5,extra_negative,5.0,200,3,,,persistent_cc_dca,GREEN,79,1,123,15.0,-2.4999999999998233,8.411849614956481e-07,0.17934480600024402,5,,,,,
E5,extra_negative,10.0,200,3,,,persistent_cc_dca,GREEN,78,1,123,14.0,-2.499999999999742,1.016011668719097e-06,0.151799674999892,5,,,,,
E5,extra_negative,20.0,200,3,,,persistent_cc_dca,GREEN,78,1,123,13.0,-2.499999999999742,1.014498223945452e-06,0.179294881000259,5,,,,,
E5,dimension,100.0,100,3,,,persistent_cc_dca,GREEN,80,1,100,15.0,-2.499999999999819,8.530400712867814e-07,0.087628193999989,5,,,,,
E5,dimension,200.0,200,3,,,persistent_cc_dca,GREEN,67,1,123,15.0,-2.499999999999795,9.040849907857416e-07,0.17238183400013402,5,,,,,
E5,dimension,400.0,400,3,,,persistent_cc_dca,GREEN,62,1,128,15.0,-2.4999999999998392,8.033157352209846e-07,0.22327144199971302,5,,,,,
E5,dimension,800.0,800,3,,,persistent_cc_dca,GREEN,80,1,132,15.0,-2.499999999999817,8.559294570207915e-07,0.324314930000127,5,,,,,
E5,generic,0.0,100,3,0.1,0.1,persistent_cc_dca,GREEN,157,0,100,,-2.503195935702169,9.883132168637335e-07,0.08662334299970001,5,-4.407980647158638e-10,0.0,7.508411339765483e-15,4.417192195779447e-10,0.0024115579580170003
E5,generic,0.0,100,3,0.1,0.5,persistent_cc_dca,GREEN,174,0,100,,-2.5316218951310763,9.203897743594135e-07,0.09083923200023401,5,5.102585021177218e-13,0.0,7.235569309238017e-15,2.760030320068791e-13,0.012125613303661001
E5,generic,0.0,100,3,0.25,0.1,persistent_cc_dca,GREEN,330,0,100,,-2.503559867661326,1.005553933125244e-06,0.09637284400014301,5,-4.742832793169782e-10,0.0,4.6031563447602505e-15,4.768049569319861e-10,0.0024137472870160003
E5,generic,0.0,100,3,0.25,0.5,persistent_cc_dca,GREEN,323,0,100,,-2.540505543350169,9.696790336230464e-07,0.09491381999987401,5,-3.362199407774824e-12,0.0,4.9222044233618674e-15,5.661701037457061e-12,0.012391327417882
E5,generic,0.0,200,3,0.1,0.1,persistent_cc_dca,GREEN,477,0,123,,-2.485851894204286,9.8502496089368e-07,0.189673328000026,5,0.029909163199931,2.5091040356528528e-14,5.511443915230264e-15,1.258306796613949e-13,0.014964619777296
E5,generic,0.0,200,3,0.1,0.5,persistent_cc_dca,GREEN,925,1,123,649.0,-2.5943945711293352,9.440378588879099e-07,0.21358850499973403,5,1.375344282905644e-12,2.220446049250313e-16,5.4919137247521966e-15,1.1269417805644132e-15,0.075294583018136
E5,generic,0.0,200,3,0.25,0.1,persistent_cc_dca,GREEN,1260,0,123,,-2.486271310799785,1.0000415311167e-06,0.264114530999904,5,0.029863688698158003,0.0,8.008804416529516e-15,2.5611644883794832e-14,0.014982363261037001
E5,generic,0.0,200,3,0.25,0.5,persistent_cc_dca,GREEN,1541,0,123,,-2.60244642562528,9.525606111457024e-07,0.229124460000093,5,1.918776248999165e-11,3.258948666484684e-12,8.34419235314738e-15,1.654411903702258e-11,0.076520292315054
E5,generic,0.0,400,3,0.1,0.1,persistent_cc_dca,GREEN,861,0,128,,-2.501924578576889,9.937035450604777e-07,0.30896361099985303,5,3.496758438359393e-12,0.0,7.218609226152415e-15,5.263535090160427e-13,0.001024192130385
E5,generic,0.0,400,3,0.1,0.5,persistent_cc_dca,GREEN,846,0,128,,-2.52758679749454,9.633839561327968e-07,0.333894448000137,5,3.952838056875407e-12,4.929390229335695e-14,7.276473120792787e-15,2.467251639325522e-13,0.005186289862912001
E5,generic,0.0,400,3,0.25,0.1,persistent_cc_dca,GREEN,1978,0,128,,-2.502422477201294,1.004059720901987e-06,0.49414978100003204,5,9.340972439986217e-12,0.0,1.0995706761687721e-14,9.849700359575576e-13,0.001026704520359
E5,generic,0.0,400,3,0.25,0.5,persistent_cc_dca,GREEN,1921,0,128,,-2.539788085432843,9.63581047883097e-07,0.49550408400000306,5,-4.2505554631588893e-11,0.0,1.045368147597297e-14,5.191439998493447e-11,0.005495138566737
E5,gap,0.1,200,4,,,persistent_cc_dca,GREEN,1655,1,123,16.0,-2.499999999994933,1.00669347386207e-06,0.25290326599997504,5,,,,,
E5,gap,0.25,200,4,,,persistent_cc_dca,GREEN,669,1,123,15.0,-2.499999999997978,1.0056232134905369e-06,0.187975816000289,5,,,,,
E5,gap,0.5,200,4,,,persistent_cc_dca,GREEN,340,1,123,14.0,-2.4999999999990052,9.983852937625625e-07,0.20320844799971302,5,,,,,
E5,gap,1.0,200,4,,,persistent_cc_dca,GREEN,171,1,123,13.0,-2.499999999999503,9.973208266905012e-07,0.188844863999747,5,,,,,
E5,gap,2.0,200,4,,,persistent_cc_dca,GREEN,74,1,123,15.0,-2.499999999999837,8.097765677188588e-07,0.19673805799993702,5,,,,,
E5,multiplicity,1.0,200,4,,,persistent_cc_dca,GREEN,74,1,123,15.0,-2.499999999999837,8.097765677188588e-07,0.14777598699993102,5,,,,,
E5,multiplicity,2.0,200,4,,,persistent_cc_dca,GREEN,80,1,123,15.0,-2.499999999999822,8.425360875304932e-07,0.172683640999821,5,,,,,
E5,multiplicity,4.0,200,4,,,persistent_cc_dca,GREEN,83,1,123,15.0,-2.499999999999756,9.895930972541563e-07,0.17355498200004102,5,,,,,
E5,multiplicity,8.0,200,4,,,persistent_cc_dca,GREEN,93,1,123,15.0,-2.499999999999751,9.955765629158098e-07,0.14950558800001001,5,,,,,
E5,multiplicity,16.0,200,4,,,persistent_cc_dca,GREEN,81,1,123,14.0,-2.499999999999763,9.748336052797316e-07,0.178414469000017,5,,,,,
E5,extra_negative,0.0,200,4,,,persistent_cc_dca,GREEN,74,1,123,15.0,-2.499999999999837,8.097765677188588e-07,0.18245464399979,5,,,,,
E5,extra_negative,2.0,200,4,,,persistent_cc_dca,GREEN,76,1,123,15.0,-2.499999999999798,9.033796006257917e-07,0.17813572900013203,5,,,,,
E5,extra_negative,5.0,200,4,,,persistent_cc_dca,GREEN,82,1,123,15.0,-2.499999999999776,9.504869954538927e-07,0.14925468999990701,5,,,,,
E5,extra_negative,10.0,200,4,,,persistent_cc_dca,GREEN,81,1,123,14.0,-2.499999999999769,9.63459364363497e-07,0.171398067999689,5,,,,,
E5,extra_negative,20.0,200,4,,,persistent_cc_dca,GREEN,80,1,123,13.0,-2.4999999999998073,8.744627417361624e-07,0.17851256699987,5,,,,,
E5,dimension,100.0,100,4,,,persistent_cc_dca,GREEN,83,1,100,15.0,-2.499999999999798,8.946245278183148e-07,0.089854578000085,5,,,,,
E5,dimension,200.0,200,4,,,persistent_cc_dca,GREEN,74,1,123,15.0,-2.499999999999837,8.097765677188588e-07,0.18721725200020903,5,,,,,
E5,dimension,400.0,400,4,,,persistent_cc_dca,GREEN,85,1,128,15.0,-2.499999999999744,1.010709546743088e-06,0.22974123099993402,5,,,,,
E5,dimension,800.0,800,4,,,persistent_cc_dca,GREEN,78,1,132,15.0,-2.499999999999779,9.38988840027289e-07,0.370286329000009,5,,,,,
E5,generic,0.0,100,4,0.1,0.1,persistent_cc_dca,GREEN,220,0,100,,-2.513498147050857,9.51581332265372e-07,0.096671859999787,5,9.64561763794336e-13,2.531308496145357e-14,5.992223306415278e-15,1.268842928788465e-13,0.012596966038088001
E5,generic,0.0,100,4,0.1,0.5,persistent_cc_dca,GREEN,203,0,100,,-2.585279200320045,9.050290183360593e-07,0.10048045699977501,5,5.377920331284258e-13,0.0,5.9505425205060616e-15,1.568377502610145e-13,0.063329273355782
E5,generic,0.0,100,4,0.25,0.1,persistent_cc_dca,GREEN,527,0,100,,-2.513950472397299,9.983468422051786e-07,0.103033205000429,5,2.19912976717751e-12,0.0,7.70079590617673e-15,1.697359318687537e-13,0.012607734527890001
E5,generic,0.0,100,4,0.25,0.5,persistent_cc_dca,GREEN,430,0,100,,-2.595638452903483,9.505270434369469e-07,0.10009959299986801,5,1.5427659150191171e-12,0.0,7.625381291492455e-15,1.990400404959163e-13,0.064387865588797
E5,generic,0.0,200,4,0.1,0.1,persistent_cc_dca,GREEN,502,0,123,,-2.493606745331033,9.883393723678573e-07,0.20527583200009702,5,0.015617668051858002,3.819167204710538e-14,5.213858969908059e-15,1.912575182732255e-13,0.007833069925026
E5,generic,0.0,200,4,0.1,0.5,persistent_cc_dca,GREEN,624,0,123,,-2.498100027152781,9.596819851895735e-07,0.19741813500013403,5,0.074983637505613,2.153832667772803e-13,4.881069113694013e-15,1.0856180089461349e-12,0.040400887171663
E5,generic,0.0,200,4,0.25,0.1,persistent_cc_dca,GREEN,1281,0,123,,-2.494898368773566,9.994749397002154e-07,0.255677673000263,5,0.015484796587268002,0.0,6.8869631997341495e-15,2.2906688272582983e-13,0.007890911101788
E5,generic,0.0,200,4,0.25,0.5,persistent_cc_dca,GREEN,1596,0,123,,-2.597117685945155,9.610301053209489e-07,0.22666765899975802,5,3.0047075938455233e-12,0.0,6.6276357341070715e-15,7.27138711113801e-13,0.045826854266220005
E5,generic,0.0,400,4,0.1,0.1,persistent_cc_dca,GREEN,1061,0,128,,-2.49820179505589,1.003967138004122e-06,0.35591380100004205,5,0.005349092006269001,0.0,8.297333125986672e-15,7.570221873904723e-13,0.002677683115082
E5,generic,0.0,400,4,0.1,0.5,persistent_cc_dca,GREEN,1016,0,128,,-2.535099151843446,9.671001447318878e-07,0.33678152899983604,5,3.501643419667743e-12,5.773159728050815e-15,8.028314327552851e-15,2.8944103713224234e-14,0.013563642209601
E5,generic,0.0,400,4,0.25,0.1,persistent_cc_dca,GREEN,2766,0,128,,-2.498659228627394,1.004931941646591e-06,0.584399566999763,5,0.005334260693523001,5.950795411990839e-14,9.035860986536695e-15,2.9769952782688784e-13,0.00268463652815
E5,generic,0.0,400,4,0.25,0.5,persistent_cc_dca,GREEN,1904,0,128,,-2.545521714677713,9.685496407637726e-07,0.48078202200031206,5,7.808420576793651e-12,1.7319479184152442e-14,8.760760144215121e-15,8.684545306821796e-14,0.01432243688267
E5,gap,0.1,200,5,,,persistent_cc_dca,GREEN,1655,1,123,16.0,-2.499999999994933,1.0066916397418659e-06,0.23019153600034703,5,,,,,
E5,gap,0.25,200,5,,,persistent_cc_dca,GREEN,669,1,123,15.0,-2.499999999997998,1.000332267149706e-06,0.205539253000097,5,,,,,
E5,gap,0.5,200,5,,,persistent_cc_dca,GREEN,340,1,123,14.0,-2.499999999999055,9.71046143330895e-07,0.186980258999938,5,,,,,
E5,gap,1.0,200,5,,,persistent_cc_dca,GREEN,174,1,123,13.0,-2.499999999999536,9.629306782204135e-07,0.176465349999944,5,,,,,
E5,gap,2.0,200,5,,,persistent_cc_dca,GREEN,84,1,123,15.0,-2.499999999999842,7.933327383158548e-07,0.18617403700000001,5,,,,,
E5,multiplicity,1.0,200,5,,,persistent_cc_dca,GREEN,84,1,123,15.0,-2.499999999999842,7.933327383158548e-07,0.172622373000194,5,,,,,
E5,multiplicity,2.0,200,5,,,persistent_cc_dca,GREEN,77,1,123,15.0,-2.499999999999779,9.403553367134725e-07,0.15123228300035402,5,,,,,
E5,multiplicity,4.0,200,5,,,persistent_cc_dca,GREEN,83,1,123,15.0,-2.499999999999837,8.083953426198869e-07,0.14966817100003002,5,,,,,
E5,multiplicity,8.0,200,5,,,persistent_cc_dca,GREEN,86,1,123,15.0,-2.499999999999802,8.909279820365388e-07,0.24322022500018603,5,,,,,
E5,multiplicity,16.0,200,5,,,persistent_cc_dca,GREEN,82,1,123,14.0,-2.499999999999754,9.901983548828894e-07,0.164373821000026,5,,,,,
E5,extra_negative,0.0,200,5,,,persistent_cc_dca,GREEN,84,1,123,15.0,-2.499999999999842,7.933327383158548e-07,0.180829420000009,5,,,,,
E5,extra_negative,2.0,200,5,,,persistent_cc_dca,GREEN,78,1,123,15.0,-2.499999999999749,1.001442145605127e-06,0.178438131999882,5,,,,,
E5,extra_negative,5.0,200,5,,,persistent_cc_dca,GREEN,76,1,123,15.0,-2.499999999999784,9.28978157419832e-07,0.171977535999758,5,,,,,
E5,extra_negative,10.0,200,5,,,persistent_cc_dca,GREEN,75,1,123,14.0,-2.499999999999776,9.460481796894075e-07,0.14746527700026402,5,,,,,
E5,extra_negative,20.0,200,5,,,persistent_cc_dca,GREEN,81,1,123,13.0,-2.499999999999829,8.265833352332319e-07,0.17092194900033,5,,,,,
E5,dimension,100.0,100,5,,,persistent_cc_dca,GREEN,79,1,100,15.0,-2.499999999999794,9.078468272530426e-07,0.09429253000007501,5,,,,,
E5,dimension,200.0,200,5,,,persistent_cc_dca,GREEN,84,1,123,15.0,-2.499999999999842,7.933327383158548e-07,0.178112453000267,5,,,,,
E5,dimension,400.0,400,5,,,persistent_cc_dca,GREEN,76,1,128,15.0,-2.499999999999837,8.080930660934276e-07,0.238674759999867,5,,,,,
E5,dimension,800.0,800,5,,,persistent_cc_dca,GREEN,69,1,132,15.0,-2.499999999999837,8.084205410733337e-07,0.44072941500007806,5,,,,,
E5,generic,0.0,100,5,0.1,0.1,persistent_cc_dca,GREEN,204,0,100,,-2.49035907826787,1.004081252170736e-06,0.09317820400019601,5,0.02085810588929,0.0,4.4394203254542165e-15,1.017973800181476e-13,0.010433253737951
E5,generic,0.0,100,5,0.1,0.5,persistent_cc_dca,GREEN,349,1,100,223.0,-2.571602086037127,9.32972784716056e-07,0.108368095000059,5,7.429612480791548e-13,0.0,4.592841485494213e-15,8.413946213722327e-15,0.052406004378036004
E5,generic,0.0,100,5,0.25,0.1,persistent_cc_dca,GREEN,518,0,100,,-2.4907464639003223,1.000508894933042e-06,0.12174597700004501,5,0.020842755208311,0.0,6.6314355951245354e-15,3.782640362566359e-14,0.010440508038368001
E5,generic,0.0,100,5,0.25,0.5,persistent_cc_dca,GREEN,986,1,100,645.0,-2.58024035712998,9.640480369481136e-07,0.12677247999999902,5,1.830979812211808e-12,0.0,6.585331797467714e-15,2.58066636125339e-14,0.053168723003627
E5,generic,0.0,200,5,0.1,0.1,persistent_cc_dca,GREEN,436,0,123,,-2.496466720078303,9.89450394319964e-07,0.208444521999808,5,0.00920306566041,0.0,7.443189896653468e-15,2.783671397474053e-12,0.004607372609203001
E5,generic,0.0,200,5,0.1,0.5,persistent_cc_dca,GREEN,509,0,123,,-2.549376023602107,9.489235967873435e-07,0.214681211000424,5,-4.7866155483689e-11,0.0,7.044902940106203e-15,4.9535923661200854e-11,0.023360857050416003
E5,generic,0.0,200,5,0.25,0.1,persistent_cc_dca,GREEN,1122,0,123,,-2.497253835350843,1.0033167738572039e-06,0.22308388600004,5,0.009174179813347,0.0,6.545969339539936e-15,4.9867301378649734e-12,0.004620833579033001
E5,generic,0.0,200,5,0.25,0.5,persistent_cc_dca,GREEN,1048,0,123,,-2.5670963342432023,9.670770148710938e-07,0.22470099800011603,5,3.892441924335799e-12,0.0,6.77662396072285e-15,2.091998610675935e-13,0.024812887199860002
E5,generic,0.0,400,5,0.1,0.1,persistent_cc_dca,GREEN,880,0,128,,-2.504111229315452,1.004790411355247e-06,0.34466979800026804,5,4.358735594678364e-12,6.306066779870889e-14,6.3144449668415256e-15,3.1549912863542423e-13,0.003104782247227
E5,generic,0.0,400,5,0.1,0.5,persistent_cc_dca,GREEN,808,0,128,,-2.5405818860129212,9.65080859224198e-07,0.33286348299998203,5,3.3804070653786762e-12,0.0,6.6566062159869295e-15,1.058018831626449e-14,0.015677069330365
E5,generic,0.0,400,5,0.25,0.1,persistent_cc_dca,GREEN,1985,0,128,,-2.504711162610873,1.001564489106098e-06,0.528083274999971,5,1.0381029369455059e-11,1.1213252548714081e-13,7.342530944430046e-15,5.610113906407234e-13,0.0031102769112190004
E5,generic,0.0,400,5,0.25,0.5,persistent_cc_dca,GREEN,1615,0,128,,-2.55505447533284,9.597552233303323e-07,0.45584102099974105,5,6.699529819798045e-12,0.0,7.763036074130623e-15,4.93433958149125e-13,0.016318261969183002
E5,gap,0.1,200,6,,,persistent_cc_dca,GREEN,1655,1,123,16.0,-2.499999999994933,1.0066934424173759e-06,0.255910689999836,5,,,,,
E5,gap,0.25,200,6,,,persistent_cc_dca,GREEN,669,1,123,15.0,-2.499999999997977,1.005531109593464e-06,0.221983172999898,5,,,,,
E5,gap,0.5,200,6,,,persistent_cc_dca,GREEN,340,1,123,14.0,-2.499999999999012,9.93838378314245e-07,0.22058874599997502,5,,,,,
E5,gap,1.0,200,6,,,persistent_cc_dca,GREEN,159,1,123,13.0,-2.499999999999528,9.704976886045754e-07,0.18659582199961702,5,,,,,
E5,gap,2.0,200,6,,,persistent_cc_dca,GREEN,89,1,123,15.0,-2.499999999999816,8.558468427811195e-07,0.176723514000059,5,,,,,
E5,multiplicity,1.0,200,6,,,persistent_cc_dca,GREEN,89,1,123,15.0,-2.499999999999816,8.558468427811195e-07,0.180981143000281,5,,,,,
E5,multiplicity,2.0,200,6,,,persistent_cc_dca,GREEN,78,1,123,15.0,-2.499999999999765,9.678078391686443e-07,0.188389938,5,,,,,
E5,multiplicity,4.0,200,6,,,persistent_cc_dca,GREEN,87,1,123,15.0,-2.499999999999838,8.049465626103322e-07,0.205081962000349,5,,,,,
E5,multiplicity,8.0,200,6,,,persistent_cc_dca,GREEN,80,1,123,15.0,-2.499999999999817,8.554622097388419e-07,0.186884264000127,5,,,,,
E5,multiplicity,16.0,200,6,,,persistent_cc_dca,GREEN,85,1,123,14.0,-2.499999999999788,9.208722404453324e-07,0.156889607999801,5,,,,,
E5,extra_negative,0.0,200,6,,,persistent_cc_dca,GREEN,89,1,123,15.0,-2.499999999999816,8.558468427811195e-07,0.153847956999925,5,,,,,
E5,extra_negative,2.0,200,6,,,persistent_cc_dca,GREEN,89,1,123,15.0,-2.499999999999769,9.595439764276906e-07,0.176764376999926,5,,,,,
E5,extra_negative,5.0,200,6,,,persistent_cc_dca,GREEN,89,1,123,15.0,-2.499999999999743,1.011139692788028e-06,0.216030687000056,5,,,,,
E5,extra_negative,10.0,200,6,,,persistent_cc_dca,GREEN,89,1,123,14.0,-2.499999999999781,9.348668256457936e-07,0.187091532000067,5,,,,,
E5,extra_negative,20.0,200,6,,,persistent_cc_dca,GREEN,91,1,123,13.0,-2.499999999999827,8.296443932092062e-07,0.20356341599972402,5,,,,,
E5,dimension,100.0,100,6,,,persistent_cc_dca,GREEN,87,1,100,15.0,-2.499999999999833,8.167001934369272e-07,0.107128525999996,5,,,,,
E5,dimension,200.0,200,6,,,persistent_cc_dca,GREEN,89,1,123,15.0,-2.499999999999816,8.558468427811195e-07,0.20181223400004403,5,,,,,
E5,dimension,400.0,400,6,,,persistent_cc_dca,GREEN,75,1,128,15.0,-2.499999999999843,7.960948279758051e-07,0.299341294999976,5,,,,,
E5,dimension,800.0,800,6,,,persistent_cc_dca,GREEN,79,1,132,15.0,-2.499999999999841,7.968563184727159e-07,0.43244791000006405,5,,,,,
E5,generic,0.0,100,6,0.1,0.1,persistent_cc_dca,GREEN,228,0,100,,-2.512182550637333,1.006580883628177e-06,0.10219799600008601,5,1.092903545441004e-12,3.042011087472929e-14,5.082296468128808e-15,1.5244178034041349e-13,0.011217117786725002
E5,generic,0.0,100,6,0.1,0.5,persistent_cc_dca,GREEN,213,0,100,,-2.579744194063148,9.416557055083485e-07,0.09816209700011301,5,7.611689056830073e-13,0.0,5.111073145495592e-15,1.010546157605905e-14,0.056772554260711004
E5,generic,0.0,100,6,0.25,0.1,persistent_cc_dca,GREEN,555,0,100,,-2.512970437227532,9.90653729314374e-07,0.15501615799985302,5,2.275957200481571e-12,0.0,7.576322513085838e-15,8.345405971652723e-14,0.011248963225428002
E5,generic,0.0,100,6,0.25,0.5,persistent_cc_dca,GREEN,483,0,100,,-2.596710388105981,9.544788522483576e-07,0.11780366699986101,5,1.936228954946273e-12,5.995204332975846e-15,7.764769707736595e-15,3.033420381971358e-14,0.059744778483065
E5,generic,0.0,200,6,0.1,0.1,persistent_cc_dca,GREEN,440,0,123,,-2.500425501664678,9.995028255133844e-07,0.19938839699989303,5,0.000988657771585,0.0,6.293942663498887e-15,3.770396112040607e-10,0.0004945984375240001
E5,generic,0.0,200,6,0.1,0.5,persistent_cc_dca,GREEN,446,0,123,,-2.5205403844123353,9.539808692526007e-07,0.21994978500015303,5,0.004910845027207,2.642330798607872e-13,6.120967526412615e-15,1.3218231417728569e-12,0.0024892510402860003
E5,generic,0.0,200,6,0.25,0.1,persistent_cc_dca,GREEN,1051,0,123,,-2.500901219614835,9.97052987587717e-07,0.24900641299973303,5,0.0009876578571560001,0.0,8.033688350240516e-15,3.3268906429607694e-10,0.000495097266798
E5,generic,0.0,200,6,0.25,0.5,persistent_cc_dca,GREEN,1084,0,123,,-2.532485169146843,9.638013030120445e-07,0.23073771200006302,5,0.004783416530639,0.0,7.0309656191462205e-15,2.221580343319835e-15,0.0025542031744150004
E5,generic,0.0,400,6,0.1,0.1,persistent_cc_dca,GREEN,836,0,128,,-2.5022314900977918,9.954194229141283e-07,0.387663542000154,5,2.6898483440618293e-12,0.0,6.30664044833736e-15,1.334291088597605e-12,0.001342363222596
E5,generic,0.0,400,6,0.1,0.5,persistent_cc_dca,GREEN,816,0,128,,-2.528888190234378,9.565851342441671e-07,0.368505303999882,5,3.816058580241588e-12,4.6629367034256575e-14,6.5136398263324215e-15,2.3346340319609234e-13,0.006789026850328001
E5,generic,0.0,400,6,0.25,0.1,persistent_cc_dca,GREEN,1919,0,128,,-2.502783778733215,1.0045344556921649e-06,0.49638535299982306,5,9.802825218230282e-12,0.0,6.008878524260639e-15,4.458744801393234e-13,0.001345311605157
E5,generic,0.0,400,6,0.25,0.5,persistent_cc_dca,GREEN,1827,0,128,,-2.542406661543334,9.650815080989853e-07,0.50913714599983,5,8.79785133633959e-12,4.6629367034256575e-15,6.175569785038963e-15,2.3348026322996808e-14,0.007150602289762001
E5,gap,0.1,200,7,,,persistent_cc_dca,GREEN,1655,1,123,16.0,-2.499999999994933,1.0066933562861551e-06,0.27603351500010803,5,,,,,
E5,gap,0.25,200,7,,,persistent_cc_dca,GREEN,669,1,123,15.0,-2.4999999999979883,1.003397430598249e-06,0.20158182800014401,5,,,,,
E5,gap,0.5,200,7,,,persistent_cc_dca,GREEN,340,1,123,14.0,-2.49999999999904,9.803628961483585e-07,0.15943898100022103,5,,,,,
E5,gap,1.0,200,7,,,persistent_cc_dca,GREEN,181,1,123,13.0,-2.499999999999546,9.539452101603018e-07,0.145586924999861,5,,,,,
E5,gap,2.0,200,7,,,persistent_cc_dca,GREEN,71,1,123,15.0,-2.499999999999767,9.663902373469202e-07,0.164712338999834,5,,,,,
E5,multiplicity,1.0,200,7,,,persistent_cc_dca,GREEN,71,1,123,15.0,-2.499999999999767,9.663902373469202e-07,0.146278253999753,5,,,,,
E5,multiplicity,2.0,200,7,,,persistent_cc_dca,GREEN,86,1,123,15.0,-2.499999999999749,1.005806293708772e-06,0.17869302000008203,5,,,,,
E5,multiplicity,4.0,200,7,,,persistent_cc_dca,GREEN,80,1,123,15.0,-2.49999999999984,8.01660777828132e-07,0.17212882200010401,5,,,,,
E5,multiplicity,8.0,200,7,,,persistent_cc_dca,GREEN,84,1,123,15.0,-2.499999999999771,9.564155135181581e-07,0.17877167899996402,5,,,,,
E5,multiplicity,16.0,200,7,,,persistent_cc_dca,GREEN,78,1,123,14.0,-2.499999999999822,8.470884750808883e-07,0.146923182999671,5,,,,,
E5,extra_negative,0.0,200,7,,,persistent_cc_dca,GREEN,71,1,123,15.0,-2.499999999999767,9.663902373469202e-07,0.179944020999755,5,,,,,
E5,extra_negative,2.0,200,7,,,persistent_cc_dca,GREEN,71,1,123,15.0,-2.499999999999751,9.968832344294939e-07,0.17696750100003503,5,,,,,
E5,extra_negative,5.0,200,7,,,persistent_cc_dca,GREEN,74,1,123,15.0,-2.49999999999984,8.011335735420969e-07,0.15274010899975102,5,,,,,
E5,extra_negative,10.0,200,7,,,persistent_cc_dca,GREEN,74,1,123,14.0,-2.499999999999753,9.937992172686057e-07,0.15129635799985403,5,,,,,
E5,extra_negative,20.0,200,7,,,persistent_cc_dca,GREEN,75,1,123,13.0,-2.499999999999745,1.008579001125269e-06,0.177442674999838,5,,,,,
E5,dimension,100.0,100,7,,,persistent_cc_dca,GREEN,82,1,100,15.0,-2.499999999999795,9.057415737477452e-07,0.08797937999997801,5,,,,,
E5,dimension,200.0,200,7,,,persistent_cc_dca,GREEN,71,1,123,15.0,-2.499999999999767,9.663902373469202e-07,0.14755114799982,5,,,,,
E5,dimension,400.0,400,7,,,persistent_cc_dca,GREEN,88,1,128,15.0,-2.499999999999818,8.509836140136428e-07,0.301486534000105,5,,,,,
E5,dimension,800.0,800,7,,,persistent_cc_dca,GREEN,74,1,132,15.0,-2.499999999999772,9.560629783242275e-07,0.36575173799974403,5,,,,,
E5,generic,0.0,100,7,0.1,0.1,persistent_cc_dca,GREEN,226,0,100,,-2.498953462742871,1.0037792570508678e-06,0.09098390700000801,5,0.003427519856155,2.7358559862022948e-11,7.936979828739e-15,1.368396986140797e-10,0.001714246078796
E5,generic,0.0,100,7,0.1,0.5,persistent_cc_dca,GREEN,232,0,100,,-2.508141104745382,9.35699035864191e-07,0.09101365199967401,5,0.017079112950219,0.0,7.766304111494567e-15,1.3345592319248613e-13,0.008600383000552
E5,generic,0.0,100,7,0.25,0.1,persistent_cc_dca,GREEN,568,0,100,,-2.4992423785914513,9.929212836177234e-07,0.10654950899970501,5,0.003426061885994,2.6572744005193272e-11,6.946940093854232e-15,1.329092915117803e-10,0.00171497101711
E5,generic,0.0,100,7,0.25,0.5,persistent_cc_dca,GREEN,597,0,100,,-2.515439137287482,9.69933300938035e-07,0.10390591700024701,5,0.016895224930328002,0.0,7.264143468463546e-15,6.339271072427641e-14,0.008691024488717001
E5,generic,0.0,200,7,0.1,0.1,persistent_cc_dca,GREEN,435,0,123,,-2.5091032348580793,9.848438146759736e-07,0.18376737000016802,5,1.970867913314578e-12,1.887379141862766e-14,5.57294637988014e-15,9.452612734164345e-14,0.008327433795312
E5,generic,0.0,200,7,0.1,0.5,persistent_cc_dca,GREEN,388,0,123,,-2.560818483329004,9.629237336325987e-07,0.18259472699992302,5,1.5516476992161178e-12,0.0,5.9470114750037014e-15,3.806428594332354e-14,0.041950117366938
E5,generic,0.0,200,7,0.25,0.1,persistent_cc_dca,GREEN,987,0,123,,-2.509637081527606,1.0069168149972041e-06,0.22100593899995102,5,4.621192317699751e-12,0.0,6.363279612365608e-15,1.940570475436387e-13,0.008339524390543
E5,generic,0.0,200,7,0.25,0.5,persistent_cc_dca,GREEN,755,0,123,,-2.5730664752683943,9.658127037562837e-07,0.19701959599979002,5,2.750244476601437e-12,0.0,6.660484622671701e-15,5.873448234144943e-13,0.043214352464263
E5,generic,0.0,400,7,0.1,0.1,persistent_cc_dca,GREEN,1132,0,128,,-2.508290533123686,9.968170395278017e-07,0.399925775000156,5,3.824496275228739e-12,0.0,5.631475593835955e-15,1.945791524412285e-14,0.007466276733621001
E5,generic,0.0,400,7,0.1,0.5,persistent_cc_dca,GREEN,771,0,128,,-2.557708377513958,9.585652764382047e-07,0.39001810399986403,5,2.291633549589278e-11,3.976596829602386e-12,5.492410553629756e-15,2.003274612307512e-11,0.037660839526991
E5,generic,0.0,400,7,0.25,0.1,persistent_cc_dca,GREEN,2192,0,128,,-2.508804871637798,1.007285536619642e-06,0.552104675000009,5,9.090950214840632e-12,0.0,7.451836978342436e-15,5.837389635051599e-14,0.007479197187576001
E5,generic,0.0,400,7,0.25,0.5,persistent_cc_dca,GREEN,1271,0,128,,-2.569469405805863,9.640938591872871e-07,0.415075718000025,5,5.7696070143720135e-12,8.104628079763643e-14,7.256920585085738e-15,4.083803073236758e-13,0.038853150379055006
E5,gap,0.1,200,8,,,persistent_cc_dca,GREEN,1655,1,123,16.0,-2.499999999994932,1.0066909203538278e-06,0.258901614999558,5,,,,,
E5,gap,0.25,200,8,,,persistent_cc_dca,GREEN,669,1,123,15.0,-2.499999999997989,1.002835231104475e-06,0.22546042100020702,5,,,,,
E5,gap,0.5,200,8,,,persistent_cc_dca,GREEN,340,1,123,14.0,-2.499999999999051,9.741672334050249e-07,0.18557299400026703,5,,,,,
E5,gap,1.0,200,8,,,persistent_cc_dca,GREEN,163,1,123,13.0,-2.499999999999575,9.214113412064124e-07,0.176595627000097,5,,,,,
E5,gap,2.0,200,8,,,persistent_cc_dca,GREEN,76,1,123,15.0,-2.499999999999759,9.838247111213914e-07,0.14704356399988602,5,,,,,
E5,multiplicity,1.0,200,8,,,persistent_cc_dca,GREEN,76,1,123,15.0,-2.499999999999759,9.838247111213914e-07,0.189401226999962,5,,,,,
E5,multiplicity,2.0,200,8,,,persistent_cc_dca,GREEN,71,1,123,15.0,-2.499999999999759,9.788275551052434e-07,0.187235915000201,5,,,,,
E5,multiplicity,4.0,200,8,,,persistent_cc_dca,GREEN,86,1,123,15.0,-2.499999999999786,9.230839101208098e-07,0.17666440599987202,5,,,,,
E5,multiplicity,8.0,200,8,,,persistent_cc_dca,GREEN,84,1,123,15.0,-2.499999999999819,8.479165362960593e-07,0.198485158999574,5,,,,,
E5,multiplicity,16.0,200,8,,,persistent_cc_dca,GREEN,85,1,123,14.0,-2.499999999999761,9.726589512415474e-07,0.187478660000124,5,,,,,
E5,extra_negative,0.0,200,8,,,persistent_cc_dca,GREEN,76,1,123,15.0,-2.499999999999759,9.838247111213914e-07,0.19701691799991702,5,,,,,
E5,extra_negative,2.0,200,8,,,persistent_cc_dca,GREEN,83,1,123,15.0,-2.499999999999765,9.672042926962102e-07,0.15401588599979701,5,,,,,
E5,extra_negative,5.0,200,8,,,persistent_cc_dca,GREEN,83,1,123,15.0,-2.499999999999774,9.515411788997253e-07,0.15851181499965603,5,,,,,
E5,extra_negative,10.0,200,8,,,persistent_cc_dca,GREEN,83,1,123,14.0,-2.499999999999755,9.876269727932026e-07,0.17349405499999102,5,,,,,
E5,extra_negative,20.0,200,8,,,persistent_cc_dca,GREEN,83,1,123,13.0,-2.4999999999997993,8.97678419194836e-07,0.17927757699999303,5,,,,,
E5,dimension,100.0,100,8,,,persistent_cc_dca,GREEN,76,1,100,15.0,-2.499999999999761,9.768020358506438e-07,0.09388998499980501,5,,,,,
E5,dimension,200.0,200,8,,,persistent_cc_dca,GREEN,76,1,123,15.0,-2.499999999999759,9.838247111213914e-07,0.152553842000088,5,,,,,
E5,dimension,400.0,400,8,,,persistent_cc_dca,GREEN,76,1,128,15.0,-2.499999999999787,9.213678364566647e-07,0.240480978999585,5,,,,,
E5,dimension,800.0,800,8,,,persistent_cc_dca,GREEN,81,1,132,15.0,-2.499999999999769,9.601134194930263e-07,0.390054639000027,5,,,,,
E5,generic,0.0,100,8,0.1,0.1,persistent_cc_dca,GREEN,261,0,100,,-2.505463331530578,1.00482687367812e-06,0.09270836199993901,5,2.619819916560573e-10,5.216227449977849e-11,3.909626106628268e-15,2.610328263858047e-10,0.004245479880543
E5,generic,0.0,100,8,0.1,0.5,persistent_cc_dca,GREEN,258,0,100,,-2.55145979586159,9.460750209022858e-07,0.09744320000027001,5,7.540634783254063e-13,0.0,3.754634245102476e-15,7.35904804837371e-14,0.021546370978396002
E5,generic,0.0,100,8,0.25,0.1,persistent_cc_dca,GREEN,655,0,100,,-2.506339450134581,9.838275807374255e-07,0.12475759399967501,5,-2.34434693879848e-10,0.0,5.579802182927786e-15,2.368400621875561e-10,0.004259146657359001
E5,generic,0.0,100,8,0.25,0.5,persistent_cc_dca,GREEN,653,0,100,,-2.572019461058159,9.43896957453372e-07,0.103152840999882,5,1.789235426485902e-12,0.0,6.26756905578931e-15,4.5284603343689506e-13,0.023244402567999003
E5,generic,0.0,200,8,0.1,0.1,persistent_cc_dca,GREEN,396,0,123,,-2.501143929385356,9.931851503542076e-07,0.167275179999705,5,-6.519677686611658e-09,0.0,7.132464243937344e-15,6.521649589991107e-09,0.00024151999369700003
E5,generic,0.0,200,8,0.1,0.5,persistent_cc_dca,GREEN,396,0,123,,-2.523763093392445,9.502533223951877e-07,0.199036159000115,5,2.8303137611374037e-11,5.299982674955572e-12,7.283068632989301e-15,2.6506351487862102e-11,0.001214742288623
E5,generic,0.0,200,8,0.25,0.1,persistent_cc_dca,GREEN,931,0,123,,-2.501548022428069,9.990931829857252e-07,0.21464787600007101,5,-6.067420788014033e-09,0.0,6.2603655488343046e-15,6.0725573638688554e-09,0.000241722845327
E5,generic,0.0,200,8,0.25,0.5,persistent_cc_dca,GREEN,926,0,123,,-2.533844822357096,9.630303785382746e-07,0.21375382399992301,5,9.917400234371598e-12,1.038280572629446e-12,6.422316308489125e-15,5.192691545445029e-12,0.0012411696142340001
E5,generic,0.0,400,8,0.1,0.1,persistent_cc_dca,GREEN,994,0,128,,-2.499549603449291,9.94970091058103e-07,0.355154632999983,5,0.0032278137715740004,0.0,7.29682708169976e-15,9.890875539859065e-10,0.0016217564835050002
E5,generic,0.0,400,8,0.1,0.5,persistent_cc_dca,GREEN,1159,0,128,,-2.521544773534153,9.609854670606508e-07,0.403850944000168,5,0.015150892061653001,0.0,7.967851817398223e-15,1.9462194758349672e-13,0.008567603515178001
E5,generic,0.0,400,8,0.25,0.1,persistent_cc_dca,GREEN,2416,0,128,,-2.5005162832372543,1.0057584561916779e-06,0.5627027829996221,5,0.003185709185164,0.0,8.111104872524425e-15,9.880697589616667e-10,0.001641708246112
E5,generic,0.0,400,8,0.25,0.5,persistent_cc_dca,GREEN,4648,0,128,,-2.557680085524515,9.679315154906971e-07,0.8423796320003021,5,1.298072760391733e-11,2.2426505097428162e-14,7.133469419054858e-15,1.1239370409469281e-13,0.011645979006419001
E5,gap,0.1,200,9,,,persistent_cc_dca,GREEN,1655,1,123,16.0,-2.499999999994933,1.006693474176985e-06,0.22870981400001203,5,,,,,
E5,gap,0.25,200,9,,,persistent_cc_dca,GREEN,669,1,123,15.0,-2.499999999997978,1.005623827429293e-06,0.196593115999803,5,,,,,
E5,gap,0.5,200,9,,,persistent_cc_dca,GREEN,340,1,123,14.0,-2.49999999999901,9.955369482053735e-07,0.18470729299997402,5,,,,,
E5,gap,1.0,200,9,,,persistent_cc_dca,GREEN,165,1,123,13.0,-2.499999999999548,9.506434041647209e-07,0.177445814999828,5,,,,,
E5,gap,2.0,200,9,,,persistent_cc_dca,GREEN,80,1,123,15.0,-2.4999999999998233,8.447581033522875e-07,0.15702427899987,5,,,,,
E5,multiplicity,1.0,200,9,,,persistent_cc_dca,GREEN,80,1,123,15.0,-2.4999999999998233,8.447581033522875e-07,0.184360702000049,5,,,,,
E5,multiplicity,2.0,200,9,,,persistent_cc_dca,GREEN,79,1,123,15.0,-2.49999999999977,9.600558627297751e-07,0.171538670000245,5,,,,,
E5,multiplicity,4.0,200,9,,,persistent_cc_dca,GREEN,80,1,123,15.0,-2.499999999999819,8.477061536736575e-07,0.171962575000179,5,,,,,
E5,multiplicity,8.0,200,9,,,persistent_cc_dca,GREEN,89,1,123,15.0,-2.49999999999975,1.002925775329305e-06,0.20075321400008703,5,,,,,
E5,multiplicity,16.0,200,9,,,persistent_cc_dca,GREEN,84,1,123,14.0,-2.4999999999997993,8.962333017219878e-07,0.155626715999915,5,,,,,
E5,extra_negative,0.0,200,9,,,persistent_cc_dca,GREEN,80,1,123,15.0,-2.4999999999998233,8.447581033522875e-07,0.17552095700011702,5,,,,,
E5,extra_negative,2.0,200,9,,,persistent_cc_dca,GREEN,76,1,123,15.0,-2.499999999999774,9.500261349648091e-07,0.179777041000306,5,,,,,
E5,extra_negative,5.0,200,9,,,persistent_cc_dca,GREEN,75,1,123,15.0,-2.4999999999998312,8.236928223917512e-07,0.176206373999775,5,,,,,
E5,extra_negative,10.0,200,9,,,persistent_cc_dca,GREEN,75,1,123,14.0,-2.499999999999832,8.163645988625712e-07,0.150055509000139,5,,,,,
E5,extra_negative,20.0,200,9,,,persistent_cc_dca,GREEN,80,1,123,13.0,-2.4999999999998312,8.21742184114948e-07,0.177597412000068,5,,,,,
E5,dimension,100.0,100,9,,,persistent_cc_dca,GREEN,86,1,100,15.0,-2.499999999999832,8.186038152837231e-07,0.094459366999672,5,,,,,
E5,dimension,200.0,200,9,,,persistent_cc_dca,GREEN,80,1,123,15.0,-2.4999999999998233,8.447581033522875e-07,0.180123461999755,5,,,,,
E5,dimension,400.0,400,9,,,persistent_cc_dca,GREEN,77,1,128,15.0,-2.499999999999794,9.093244236282249e-07,0.26657577699961604,5,,,,,
E5,dimension,800.0,800,9,,,persistent_cc_dca,GREEN,86,1,132,15.0,-2.499999999999741,1.017137646827188e-06,0.39589255900000303,5,,,,,
E5,generic,0.0,100,9,0.1,0.1,persistent_cc_dca,GREEN,224,0,100,,-2.48589414560282,9.977448923044239e-07,0.12772121899979502,5,0.030056899274863002,0.0,6.524335077660595e-15,8.351725418453443e-14,0.015043664326349002
E5,generic,0.0,100,9,0.1,0.5,persistent_cc_dca,GREEN,406,1,100,255.0,-2.597363290277113,9.319636285435945e-07,0.098049411999909,5,7.434053372890048e-13,2.664535259100375e-15,6.65902393409319e-15,1.352512969588632e-14,0.07598075487760701
E5,generic,0.0,100,9,0.25,0.1,persistent_cc_dca,GREEN,580,0,100,,-2.486538423367884,1.005767027954986e-06,0.10879200599993001,5,0.029976656343517004,0.0,4.862731130538699e-15,1.352988785257836e-13,0.015078015739631
E5,generic,0.0,100,9,0.25,0.5,persistent_cc_dca,GREEN,1166,0,100,,-2.608748042088195,9.606208446386914e-07,0.14244254999994102,5,2.286615341517972e-12,1.034727858950645e-13,5.3478765481298595e-15,5.255057187850066e-13,0.07868532038888501
E5,generic,0.0,200,9,0.1,0.1,persistent_cc_dca,GREEN,393,0,123,,-2.501985893083046,9.877721878596174e-07,0.18526814999995603,5,-1.6345946818319132e-10,0.0,7.4051475888392e-15,1.654043654638345e-10,0.0009905015214700002
E5,generic,0.0,200,9,0.1,0.5,persistent_cc_dca,GREEN,373,0,123,,-2.529782600158723,9.478321274999849e-07,0.19348246900017302,5,1.663114090888484e-12,0.0,7.158479090748563e-15,1.20580502182834e-13,0.005035066348004
E5,generic,0.0,200,9,0.25,0.1,persistent_cc_dca,GREEN,895,0,123,,-2.502686250178668,1.0022148898757861e-06,0.254217960000005,5,-1.032245400267584e-10,0.0,8.380248475972749e-15,1.083731988995285e-10,0.000993889828476
E5,generic,0.0,200,9,0.25,0.5,persistent_cc_dca,GREEN,891,0,123,,-2.546939385922281,9.616175712598186e-07,0.22884123300036602,5,-6.895373161341922e-12,0.0,8.289265462770983e-15,1.1876362400042e-11,0.0055103906551990005
E5,generic,0.0,400,9,0.1,0.1,persistent_cc_dca,GREEN,868,0,128,,-2.5013011873508093,9.966702981386042e-07,0.32971970800008404,5,2.770992324485632e-09,5.533624669595838e-10,6.8339231092450994e-15,2.7669199791026494e-09,0.00019452765801300002
E5,generic,0.0,400,9,0.1,0.5,persistent_cc_dca,GREEN,867,0,128,,-2.5286302514936123,9.659380672601728e-07,0.316476621000219,5,3.1818991885756982e-12,0.0,7.400639484068166e-15,6.207370680488183e-13,0.0009860972445640001
E5,generic,0.0,400,9,0.25,0.1,persistent_cc_dca,GREEN,2015,0,128,,-2.5020688512748093,1.001861970862375e-06,0.48427496099975503,5,2.854853686784508e-09,5.688645110524249e-10,7.524234049635592e-15,2.8444335034477642e-09,0.00019503446512200001
E5,generic,0.0,400,9,0.25,0.5,persistent_cc_dca,GREEN,1999,0,128,,-2.547768518772336,9.637589528319614e-07,0.510030294999978,5,6.95177249099288e-12,0.0,7.34695105187569e-15,2.578483650261925e-12,0.001058572997641
E5,gap,0.1,200,10,,,persistent_cc_dca,GREEN,1655,1,123,16.0,-2.499999999994933,1.006693478216816e-06,0.223694523000176,5,,,,,
E5,gap,0.25,200,10,,,persistent_cc_dca,GREEN,669,1,123,15.0,-2.499999999997977,1.005587973282499e-06,0.200485464999928,5,,,,,
E5,gap,0.5,200,10,,,persistent_cc_dca,GREEN,340,1,123,14.0,-2.499999999999004,9.985036105273225e-07,0.20526559000018002,5,,,,,
E5,gap,1.0,200,10,,,persistent_cc_dca,GREEN,146,1,123,13.0,-2.499999999999583,9.112659073267171e-07,0.266093145000013,5,,,,,
E5,gap,2.0,200,10,,,persistent_cc_dca,GREEN,83,1,123,15.0,-2.499999999999749,1.001445458287101e-06,0.14508141399983202,5,,,,,
E5,multiplicity,1.0,200,10,,,persistent_cc_dca,GREEN,83,1,123,15.0,-2.499999999999749,1.001445458287101e-06,0.16306010300013402,5,,,,,
E5,multiplicity,2.0,200,10,,,persistent_cc_dca,GREEN,75,1,123,15.0,-2.499999999999843,7.926287251700115e-07,0.17076080400011,5,,,,,
E5,multiplicity,4.0,200,10,,,persistent_cc_dca,GREEN,81,1,123,15.0,-2.499999999999821,8.455562746638147e-07,0.16767723799966902,5,,,,,
E5,multiplicity,8.0,200,10,,,persistent_cc_dca,GREEN,89,1,123,15.0,-2.499999999999788,9.176773687579541e-07,0.162464037000063,5,,,,,
E5,multiplicity,16.0,200,10,,,persistent_cc_dca,GREEN,92,1,123,14.0,-2.4999999999998073,8.750015835687686e-07,0.16829546700000703,5,,,,,
E5,extra_negative,0.0,200,10,,,persistent_cc_dca,GREEN,83,1,123,15.0,-2.499999999999749,1.001445458287101e-06,0.17272171600006903,5,,,,,
E5,extra_negative,2.0,200,10,,,persistent_cc_dca,GREEN,85,1,123,15.0,-2.499999999999824,8.390185439458228e-07,0.16916632499987802,5,,,,,
E5,extra_negative,5.0,200,10,,,persistent_cc_dca,GREEN,86,1,123,15.0,-2.499999999999797,8.975545465773938e-07,0.144693350000125,5,,,,,
E5,extra_negative,10.0,200,10,,,persistent_cc_dca,GREEN,88,1,123,14.0,-2.499999999999819,8.501407767023403e-07,0.170719876000021,5,,,,,
E5,extra_negative,20.0,200,10,,,persistent_cc_dca,GREEN,88,1,123,13.0,-2.499999999999809,8.737826307735367e-07,0.169372990999818,5,,,,,
E5,dimension,100.0,100,10,,,persistent_cc_dca,GREEN,85,1,100,15.0,-2.499999999999793,9.111581982285722e-07,0.09064488600006301,5,,,,,
E5,dimension,200.0,200,10,,,persistent_cc_dca,GREEN,83,1,123,15.0,-2.499999999999749,1.001445458287101e-06,0.16515577400014,5,,,,,
E5,dimension,400.0,400,10,,,persistent_cc_dca,GREEN,85,1,128,15.0,-2.499999999999744,1.011898440661225e-06,0.22696283599998401,5,,,,,
E5,dimension,800.0,800,10,,,persistent_cc_dca,GREEN,76,1,132,15.0,-2.49999999999981,8.686789983461311e-07,0.32344863200023605,5,,,,,
E5,generic,0.0,100,10,0.1,0.1,persistent_cc_dca,GREEN,214,0,100,,-2.51276905542252,9.971288659922546e-07,0.098409575999994,5,6.075140390748857e-13,0.0,5.0441684369953475e-15,3.1325992147311535e-13,0.011713199347896
E5,generic,0.0,100,10,0.1,0.5,persistent_cc_dca,GREEN,194,0,100,,-2.584672021815321,9.158856217752946e-07,0.093815741999605,5,6.927791673660977e-13,0.0,5.341677385422963e-15,2.2466458333621572e-14,0.058996668981645004
E5,generic,0.0,100,10,0.25,0.1,persistent_cc_dca,GREEN,514,0,100,,-2.513581016009698,9.891748596639253e-07,0.09582278800007701,5,2.280842181789921e-12,0.0,8.611948737356066e-15,5.230289035569169e-14,0.011729308857297002
E5,generic,0.0,100,10,0.25,0.5,persistent_cc_dca,GREEN,410,0,100,,-2.603438365509281,9.543995075350518e-07,0.102446232999682,5,1.7319479184152442e-12,0.0,8.791000644123525e-15,2.809331740682451e-14,0.060842152199038005
E5,generic,0.0,200,10,0.1,0.1,persistent_cc_dca,GREEN,506,0,123,,-2.4960434298829632,9.863521779039534e-07,0.189901586999894,5,0.009466575792100002,0.0,5.067924161666988e-15,1.317160468154593e-10,0.004735961905875
E5,generic,0.0,200,10,0.1,0.5,persistent_cc_dca,GREEN,553,0,123,,-2.495918355922635,9.601389950026767e-07,0.19675643799973802,5,0.047008554395397,1.176836406102666e-14,4.8667327809020904e-15,5.912230606730126e-14,0.023833878754384002
E5,generic,0.0,200,10,0.25,0.1,persistent_cc_dca,GREEN,1254,0,123,,-2.496443579031348,1.0047587623159918e-06,0.243124489000365,5,0.009455592121396001,0.0,7.763566453921661e-15,1.4666117790642582e-10,0.004741229766867
E5,generic,0.0,200,10,0.25,0.5,persistent_cc_dca,GREEN,1672,0,123,,-2.506580454851096,9.646737488813743e-07,0.25278505200003504,5,0.045578783545541006,0.0,7.492913555130074e-15,1.832449918132268e-12,0.024426647473715
E5,generic,0.0,400,10,0.1,0.1,persistent_cc_dca,GREEN,744,0,128,,-2.5104411040280583,9.989708483294243e-07,0.322870141999828,5,-1.342690403305368e-10,0.0,7.549281024194508e-15,1.3807042077400472e-10,0.009537853058146
E5,generic,0.0,400,10,0.1,0.5,persistent_cc_dca,GREEN,585,0,128,,-2.569918303534651,9.629797295045648e-07,0.32113955199974903,5,2.752464922650688e-12,1.1102230246251561e-15,7.606752712959728e-15,5.6045929379593155e-15,0.048168533391376
E5,generic,0.0,400,10,0.25,0.1,persistent_cc_dca,GREEN,1551,0,128,,-2.510909823825081,1.0027921449297701e-06,0.46067589900030703,5,-1.577267205732369e-10,0.0,6.477553955230593e-15,1.664875116365602e-10,0.009558171128656002
E5,generic,0.0,400,10,0.25,0.5,persistent_cc_dca,GREEN,932,0,128,,-2.580184930288728,9.666889847840764e-07,0.371397627000078,5,4.498623695781134e-12,0.0,6.291240418532474e-15,3.5486717679289693e-13,0.049540869417095006
E5,gap,0.1,200,11,,,persistent_cc_dca,GREEN,1655,1,123,16.0,-2.499999999994936,1.006403565792119e-06,0.23296269399997901,5,,,,,
E5,gap,0.25,200,11,,,persistent_cc_dca,GREEN,668,1,123,15.0,-2.499999999997986,1.003691880614965e-06,0.22547130699967902,5,,,,,
E5,gap,0.5,200,11,,,persistent_cc_dca,GREEN,339,1,123,14.0,-2.499999999998985,1.0073339806126791e-06,0.20910633899984502,5,,,,,
E5,gap,1.0,200,11,,,persistent_cc_dca,GREEN,162,1,123,13.0,-2.499999999999588,9.072286010263358e-07,0.261685724000017,5,,,,,
E5,gap,2.0,200,11,,,persistent_cc_dca,GREEN,90,1,123,15.0,-2.4999999999998233,8.433192219753131e-07,0.15574657300021502,5,,,,,
E5,multiplicity,1.0,200,11,,,persistent_cc_dca,GREEN,90,1,123,15.0,-2.4999999999998233,8.433192219753131e-07,0.17799751399979802,5,,,,,
E5,multiplicity,2.0,200,11,,,persistent_cc_dca,GREEN,81,1,123,15.0,-2.499999999999764,9.717387901067353e-07,0.176738972000293,5,,,,,
E5,multiplicity,4.0,200,11,,,persistent_cc_dca,GREEN,74,1,123,15.0,-2.499999999999781,9.366331040610688e-07,0.178262240999629,5,,,,,
E5,multiplicity,8.0,200,11,,,persistent_cc_dca,GREEN,87,1,123,15.0,-2.499999999999747,1.004430348401436e-06,0.186908418000257,5,,,,,
E5,multiplicity,16.0,200,11,,,persistent_cc_dca,GREEN,80,1,123,14.0,-2.499999999999748,1.006073996137691e-06,0.147858244999952,5,,,,,
E5,extra_negative,0.0,200,11,,,persistent_cc_dca,GREEN,90,1,123,15.0,-2.4999999999998233,8.433192219753131e-07,0.17937659600011102,5,,,,,
E5,extra_negative,2.0,200,11,,,persistent_cc_dca,GREEN,90,1,123,15.0,-2.499999999999795,9.048430927206675e-07,0.176873956000235,5,,,,,
E5,extra_negative,5.0,200,11,,,persistent_cc_dca,GREEN,93,1,123,15.0,-2.499999999999833,8.159607844256698e-07,0.195137883999905,5,,,,,
E5,extra_negative,10.0,200,11,,,persistent_cc_dca,GREEN,93,1,123,14.0,-2.499999999999833,8.160812142961521e-07,0.18832348300020302,5,,,,,
E5,extra_negative,20.0,200,11,,,persistent_cc_dca,GREEN,93,1,123,13.0,-2.499999999999841,7.983803045909805e-07,0.15198740200003102,5,,,,,
E5,dimension,100.0,100,11,,,persistent_cc_dca,GREEN,74,1,100,15.0,-2.499999999999767,9.671114712186266e-07,0.089145032000033,5,,,,,
E5,dimension,200.0,200,11,,,persistent_cc_dca,GREEN,90,1,123,15.0,-2.4999999999998233,8.433192219753131e-07,0.17527882900003502,5,,,,,
E5,dimension,400.0,400,11,,,persistent_cc_dca,GREEN,91,1,128,15.0,-2.499999999999835,8.079528671850548e-07,0.267267913000068,5,,,,,
E5,dimension,800.0,800,11,,,persistent_cc_dca,GREEN,69,1,132,15.0,-2.4999999999998392,8.009575473332704e-07,0.355506981999951,5,,,,,
E5,generic,0.0,100,11,0.1,0.1,persistent_cc_dca,GREEN,195,0,100,,-2.5130693610469548,9.978563120930003e-07,0.092174572000203,5,7.722711359292589e-13,0.0,4.539071792115763e-15,1.5079938631903352e-13,0.012103764089289001
E5,generic,0.0,100,11,0.1,0.5,persistent_cc_dca,GREEN,182,0,100,,-2.584234017853109,9.588137503377465e-07,0.08756129699986501,5,7.962519532611623e-13,1.332267629550187e-15,4.761831918206357e-15,6.742780119434839e-15,0.061130338887988
E5,generic,0.0,100,11,0.25,0.1,persistent_cc_dca,GREEN,459,0,100,,-2.513740190209668,9.952339435190635e-07,0.09987552899974601,5,2.275957200481571e-12,0.0,5.9085708487194046e-15,9.014624408428257e-14,0.012130756380552
E5,generic,0.0,100,11,0.25,0.5,persistent_cc_dca,GREEN,363,0,100,,-2.598708048869491,9.646593592770343e-07,0.09669948400005501,5,1.6466827901240322e-12,0.0,6.0208796423733916e-15,2.25431513248498e-13,0.063607376875326
E5,generic,0.0,200,11,0.1,0.1,persistent_cc_dca,GREEN,510,0,123,,-2.493667777410591,9.813363443669823e-07,0.205659333999847,5,0.014339902960359,2.686739719592879e-13,6.117195443319935e-15,1.345297169337216e-12,0.007173413660884
E5,generic,0.0,200,11,0.1,0.5,persistent_cc_dca,GREEN,607,0,123,,-2.485313934797108,9.462102495862614e-07,0.252081346999602,5,0.071277312408628,0.0,6.219564628433309e-15,7.548054793768716e-14,0.03606174171687
E5,generic,0.0,200,11,0.25,0.1,persistent_cc_dca,GREEN,1296,0,123,,-2.494080108906049,1.000291962603826e-06,0.22111470299978403,5,0.014327152911516,2.788880237858393e-13,5.447792968111281e-15,1.396442353493618e-12,0.007179349393500001
E5,generic,0.0,200,11,0.25,0.5,persistent_cc_dca,GREEN,1018,0,123,,-2.566046675087453,9.548921425586915e-07,0.21154033000038902,5,3.380851154588526e-12,0.0,5.6877106423373224e-15,5.0326452904269255e-14,0.036670989923241006
E5,generic,0.0,400,11,0.1,0.1,persistent_cc_dca,GREEN,883,0,128,,-2.511445200680301,9.936193587944149e-07,0.33353274599994603,5,3.6193270602780103e-12,0.0,6.241774114553807e-15,1.151497321965129e-13,0.010514889005101
E5,generic,0.0,400,11,0.1,0.5,persistent_cc_dca,GREEN,617,0,128,,-2.5753851949527897,9.592478050386363e-07,0.315229000999806,5,2.666311615939776e-12,3.108624468950438e-15,5.6333177822360446e-15,1.570840761308514e-14,0.053169905205293
E5,generic,0.0,400,11,0.25,0.1,persistent_cc_dca,GREEN,1779,0,128,,-2.511931959835036,1.003689249580643e-06,0.46936178500027304,5,8.610445689782864e-12,0.0,8.208738657055975e-15,2.447640194848889e-14,0.010541577026593
E5,generic,0.0,400,11,0.25,0.5,persistent_cc_dca,GREEN,966,0,128,,-2.585759068350354,9.590326754519458e-07,0.341123756999877,5,4.54081217071689e-12,0.0,8.137312517927429e-15,7.856687017590668e-15,0.054767532112562
E5,gap,0.1,200,12,,,persistent_cc_dca,GREEN,1655,1,123,16.0,-2.499999999994931,1.00669297090462e-06,0.254234570999869,5,,,,,
E5,gap,0.25,200,12,,,persistent_cc_dca,GREEN,669,1,123,15.0,-2.499999999997975,1.005570365296784e-06,0.20909910099999202,5,,,,,
E5,gap,0.5,200,12,,,persistent_cc_dca,GREEN,340,1,123,14.0,-2.499999999999001,9.975027883168409e-07,0.19879914700004503,5,,,,,
E5,gap,1.0,200,12,,,persistent_cc_dca,GREEN,146,1,123,13.0,-2.49999999999957,9.245422649510904e-07,0.18802658300000902,5,,,,,
E5,gap,2.0,200,12,,,persistent_cc_dca,GREEN,83,1,123,15.0,-2.4999999999998312,8.16289902772465e-07,0.156708663999779,5,,,,,
E5,multiplicity,1.0,200,12,,,persistent_cc_dca,GREEN,83,1,123,15.0,-2.4999999999998312,8.16289902772465e-07,0.17495137800005903,5,,,,,
E5,multiplicity,2.0,200,12,,,persistent_cc_dca,GREEN,87,1,123,15.0,-2.499999999999755,9.86417411443087e-07,0.179836431999774,5,,,,,
E5,multiplicity,4.0,200,12,,,persistent_cc_dca,GREEN,85,1,123,15.0,-2.499999999999784,9.250747099172041e-07,0.18496713500007902,5,,,,,
E5,multiplicity,8.0,200,12,,,persistent_cc_dca,GREEN,86,1,123,15.0,-2.499999999999764,9.679681251346147e-07,0.179669018999902,5,,,,,
E5,multiplicity,16.0,200,12,,,persistent_cc_dca,GREEN,87,1,123,14.0,-2.499999999999827,8.29893539089127e-07,0.162200118999862,5,,,,,
E5,extra_negative,0.0,200,12,,,persistent_cc_dca,GREEN,83,1,123,15.0,-2.4999999999998312,8.16289902772465e-07,0.20195673700027303,5,,,,,
E5,extra_negative,2.0,200,12,,,persistent_cc_dca,GREEN,83,1,123,15.0,-2.4999999999998312,8.182981004658511e-07,0.160042571000303,5,,,,,
E5,extra_negative,5.0,200,12,,,persistent_cc_dca,GREEN,83,1,123,15.0,-2.499999999999827,8.300130231228981e-07,0.18013485100027501,5,,,,,
E5,extra_negative,10.0,200,12,,,persistent_cc_dca,GREEN,82,1,123,14.0,-2.49999999999975,9.942907236982042e-07,0.19585810599983203,5,,,,,
E5,extra_negative,20.0,200,12,,,persistent_cc_dca,GREEN,84,1,123,13.0,-2.4999999999997833,9.272460156965211e-07,0.17952446099980002,5,,,,,
E5,dimension,100.0,100,12,,,persistent_cc_dca,GREEN,78,1,100,15.0,-2.499999999999811,8.698531890119832e-07,0.10540171599996001,5,,,,,
E5,dimension,200.0,200,12,,,persistent_cc_dca,GREEN,83,1,123,15.0,-2.4999999999998312,8.16289902772465e-07,0.193867773999954,5,,,,,
E5,dimension,400.0,400,12,,,persistent_cc_dca,GREEN,83,1,128,15.0,-2.499999999999751,9.980935461688921e-07,0.2760874530004,5,,,,,
E5,dimension,800.0,800,12,,,persistent_cc_dca,GREEN,75,1,132,15.0,-2.4999999999998153,8.587174119395589e-07,0.388646511999922,5,,,,,
E5,generic,0.0,100,12,0.1,0.1,persistent_cc_dca,GREEN,220,0,100,,-2.524135329566881,9.533355201712824e-07,0.092989708000004,5,5.879741138414829e-13,0.0,5.253669617812556e-15,2.359001877592887e-13,0.023167837774765002
E5,generic,0.0,100,12,0.1,0.5,persistent_cc_dca,GREEN,190,0,100,,-2.6396242766327793,9.357812163187295e-07,0.099376448000384,5,6.830092047493963e-13,4.440892098500626e-16,5.0085309193804105e-15,2.272146655541612e-15,0.11641941561416201
E5,generic,0.0,100,12,0.25,0.1,persistent_cc_dca,GREEN,515,0,100,,-2.524620721435753,1.004101654766255e-06,0.10642348400006,5,2.111200103627197e-12,0.0,8.623962771414338e-15,1.7009407403483e-13,0.023184317647147002
E5,generic,0.0,100,12,0.25,0.5,persistent_cc_dca,GREEN,373,0,100,,-2.650420134988062,9.495165167167929e-07,0.10345633199995001,5,1.436184504655102e-12,0.0,8.747327603673276e-15,0.0,0.117813538591593
E5,generic,0.0,200,12,0.1,0.1,persistent_cc_dca,GREEN,469,0,123,,-2.50106670499138,9.864575995302952e-07,0.20148842000025902,5,1.020386886096957e-09,2.036837365437804e-10,5.097688081961551e-15,1.0184394321968252e-09,0.000101871058903
E5,generic,0.0,200,12,0.1,0.5,persistent_cc_dca,GREEN,486,0,123,,-2.524621161135589,9.568310045350056e-07,0.206104230000164,5,-2.525395004226993e-09,0.0,5.375196766272773e-15,2.5273063437000615e-09,0.0005232098395160001
E5,generic,0.0,200,12,0.25,0.1,persistent_cc_dca,GREEN,1125,0,123,,-2.501783456431821,1.0017732528075649e-06,0.24946934199988302,5,1.0164811214963261e-09,2.0224577568228594e-10,5.627193757844706e-15,1.011249600420665e-09,0.00010245954045500001
E5,generic,0.0,200,12,0.25,0.5,persistent_cc_dca,GREEN,1398,0,123,,-2.542473490133876,9.672782627988221e-07,0.262770095000178,5,7.692069203812935e-12,1.614264277804977e-13,6.926070447573763e-15,8.072330079887193e-13,0.0006248610442360001
E5,generic,0.0,400,12,0.1,0.1,persistent_cc_dca,GREEN,887,0,128,,-2.498333438033237,9.944653707524405e-07,0.39077736700028204,5,0.005536536662525,1.2012613126444189e-13,5.585838174936141e-15,6.009643797941755e-13,0.0027781088798320003
E5,generic,0.0,400,12,0.1,0.5,persistent_cc_dca,GREEN,1041,0,128,,-2.514383303251257,9.670404854342105e-07,0.42735676799975403,5,0.026438774212532,0.0,5.317080938445331e-15,4.3423603333981424e-14,0.014423687025716002
E5,generic,0.0,400,12,0.25,0.1,persistent_cc_dca,GREEN,2153,0,128,,-2.499249333377722,1.0043904990165578e-06,0.5562423079995821,5,0.005483963895457001,7.216449660063519e-14,6.733226452736274e-15,3.6102468967461213e-13,0.0028020242773290002
E5,generic,0.0,400,12,0.25,0.5,persistent_cc_dca,GREEN,3264,0,128,,-2.560174894211534,9.679974327017987e-07,0.7169353009999211,5,8.883560553840653e-12,0.0,6.9446085225295315e-15,4.5675200238451176e-14,0.017141823755159002
E5,gap,0.1,200,13,,,persistent_cc_dca,GREEN,1655,1,123,16.0,-2.499999999994931,1.006693431377436e-06,0.23023558500017302,5,,,,,
E5,gap,0.25,200,13,,,persistent_cc_dca,GREEN,669,1,123,15.0,-2.499999999997978,1.005515164319566e-06,0.200885852999817,5,,,,,
E5,gap,0.5,200,13,,,persistent_cc_dca,GREEN,340,1,123,14.0,-2.499999999999026,9.862538785342652e-07,0.20872543999985202,5,,,,,
E5,gap,1.0,200,13,,,persistent_cc_dca,GREEN,137,1,123,13.0,-2.499999999999541,9.57417628875474e-07,0.147129534000214,5,,,,,
E5,gap,2.0,200,13,,,persistent_cc_dca,GREEN,78,1,123,15.0,-2.499999999999822,8.460415846770036e-07,0.15429007800003,5,,,,,
E5,multiplicity,1.0,200,13,,,persistent_cc_dca,GREEN,78,1,123,15.0,-2.499999999999822,8.460415846770036e-07,0.149392356000134,5,,,,,
E5,multiplicity,2.0,200,13,,,persistent_cc_dca,GREEN,86,1,123,15.0,-2.499999999999755,9.90458445123626e-07,0.14980057799994,5,,,,,
E5,multiplicity,4.0,200,13,,,persistent_cc_dca,GREEN,87,1,123,15.0,-2.499999999999822,8.459284159595231e-07,0.196521243000006,5,,,,,
E5,multiplicity,8.0,200,13,,,persistent_cc_dca,GREEN,89,1,123,15.0,-2.499999999999827,8.337134639882203e-07,0.19673195999985102,5,,,,,
E5,multiplicity,16.0,200,13,,,persistent_cc_dca,GREEN,81,1,123,14.0,-2.499999999999768,9.62968851480247e-07,0.192091813999923,5,,,,,
E5,extra_negative,0.0,200,13,,,persistent_cc_dca,GREEN,78,1,123,15.0,-2.499999999999822,8.460415846770036e-07,0.172108345000197,5,,,,,
E5,extra_negative,2.0,200,13,,,persistent_cc_dca,GREEN,78,1,123,15.0,-2.499999999999761,9.784518436029932e-07,0.17672855799992201,5,,,,,
E5,extra_negative,5.0,200,13,,,persistent_cc_dca,GREEN,79,1,123,15.0,-2.499999999999821,8.483780257127232e-07,0.155925055999887,5,,,,,
E5,extra_negative,10.0,200,13,,,persistent_cc_dca,GREEN,78,1,123,14.0,-2.499999999999763,9.738070936653358e-07,0.16985457700002302,5,,,,,
E5,extra_negative,20.0,200,13,,,persistent_cc_dca,GREEN,78,1,123,13.0,-2.499999999999795,9.042957458198259e-07,0.180622413000037,5,,,,,
E5,dimension,100.0,100,13,,,persistent_cc_dca,GREEN,83,1,100,15.0,-2.499999999999825,8.344560167132637e-07,0.09258485899999801,5,,,,,
E5,dimension,200.0,200,13,,,persistent_cc_dca,GREEN,78,1,123,15.0,-2.499999999999822,8.460415846770036e-07,0.150391718999799,5,,,,,
E5,dimension,400.0,400,13,,,persistent_cc_dca,GREEN,86,1,128,15.0,-2.499999999999828,8.283856192403405e-07,0.24004354800035801,5,,,,,
E5,dimension,800.0,800,13,,,persistent_cc_dca,GREEN,83,1,132,15.0,-2.49999999999981,8.708477749382144e-07,0.40011801199989305,5,,,,,
E5,generic,0.0,100,13,0.1,0.1,persistent_cc_dca,GREEN,207,0,100,,-2.486161901301374,9.524511240113183e-07,0.09202531799974101,5,0.030469086485673,0.0,4.9244939489991136e-15,7.906645512513453e-14,0.01526278646566
E5,generic,0.0,100,13,0.1,0.5,persistent_cc_dca,GREEN,411,1,100,255.0,-2.609503767066868,9.086989933368031e-07,0.100324234000254,5,7.176481631177012e-13,4.218847493575595e-15,5.152127628497291e-15,2.1422307302205058e-14,0.077762904401419
E5,generic,0.0,100,13,0.25,0.1,persistent_cc_dca,GREEN,554,0,100,,-2.487637470205124,1.005399061553446e-06,0.108417429999917,5,0.030306754113805002,0.0,6.6197778596051736e-15,1.336353426080799e-14,0.015333993110644002
E5,generic,0.0,100,13,0.25,0.5,persistent_cc_dca,GREEN,873,0,100,,-2.636334699647183,9.548532480298304e-07,0.10890069500010201,5,1.77546866098055e-12,1.9984014443252814e-15,6.822109499497325e-15,1.016032944953056e-14,0.08422843587414601
E5,generic,0.0,200,13,0.1,0.1,persistent_cc_dca,GREEN,428,0,123,,-2.5012666309299263,9.890967951237391e-07,0.20105556499993302,5,1.063273913359808e-09,2.122468867327143e-10,7.693070988991011e-15,1.0613207297989181e-09,0.00040658375100400006
E5,generic,0.0,200,13,0.1,0.5,persistent_cc_dca,GREEN,429,0,123,,-2.523519017281694,9.515180664029301e-07,0.211268240999743,5,2.140509991477302e-12,6.838973831690964e-14,7.401326500231071e-15,3.420892806810827e-13,0.002055704554432
E5,generic,0.0,200,13,0.25,0.1,persistent_cc_dca,GREEN,1015,0,123,,-2.5018015000932783,1.000182948760085e-06,0.21744506799996002,5,1.068142907456604e-09,2.125830622645708e-10,7.889625153323463e-15,1.063001932271354e-09,0.00040746872106100005
E5,generic,0.0,200,13,0.25,0.5,persistent_cc_dca,GREEN,1020,0,123,,-2.536798978570098,9.674665862807194e-07,0.258400107999932,5,4.639399975303604e-12,0.0,8.122245855998185e-15,1.405043837302007e-13,0.00217778823125
E5,generic,0.0,400,13,0.1,0.1,persistent_cc_dca,GREEN,740,0,128,,-2.502667359671214,9.977385188454077e-07,0.31831189699960305,5,-1.324771403687918e-10,0.0,7.840131145425226e-15,1.36519500398446e-10,0.001579564483375
E5,generic,0.0,400,13,0.1,0.5,persistent_cc_dca,GREEN,752,0,128,,-2.5349036298751493,9.543869615770606e-07,0.39393390500026704,5,3.339106768862621e-12,0.0,7.792643614251411e-15,3.2916366773361897e-13,0.008180308611596
E5,generic,0.0,400,13,0.25,0.1,persistent_cc_dca,GREEN,1722,0,128,,-2.50339386294236,1.003906787477946e-06,0.501909679999698,5,-3.815747717794693e-11,0.0,5.971564869598348e-15,4.845000786305845e-11,0.0015916508084090001
E5,generic,0.0,400,13,0.25,0.5,persistent_cc_dca,GREEN,1986,0,128,,-2.551839254330906,9.633464983070133e-07,0.527942809999785,5,1.969491236764042e-11,1.8485213360008852e-12,5.964935275297579e-15,9.260782948422554e-12,0.009832869150132002
E5,gap,0.1,200,14,,,persistent_cc_dca,GREEN,1655,1,123,16.0,-2.499999999994935,1.006691427764043e-06,0.275456522999775,5,,,,,
E5,gap,0.25,200,14,,,persistent_cc_dca,GREEN,669,1,123,15.0,-2.499999999997983,1.004176054541412e-06,0.21685144200000603,5,,,,,
E5,gap,0.5,200,14,,,persistent_cc_dca,GREEN,340,1,123,14.0,-2.499999999999042,9.788122003353967e-07,0.20582550700009902,5,,,,,
E5,gap,1.0,200,14,,,persistent_cc_dca,GREEN,151,1,123,13.0,-2.499999999999492,1.009505321284605e-06,0.311938237000049,5,,,,,
E5,gap,2.0,200,14,,,persistent_cc_dca,GREEN,85,1,123,15.0,-2.499999999999771,9.55679512644881e-07,0.219120443999599,5,,,,,
E5,multiplicity,1.0,200,14,,,persistent_cc_dca,GREEN,85,1,123,15.0,-2.499999999999771,9.55679512644881e-07,0.151729905000138,5,,,,,
E5,multiplicity,2.0,200,14,,,persistent_cc_dca,GREEN,85,1,123,15.0,-2.499999999999772,9.559586353721196e-07,0.149796797999897,5,,,,,
E5,multiplicity,4.0,200,14,,,persistent_cc_dca,GREEN,65,1,123,15.0,-2.499999999999784,9.327010754714656e-07,0.17476365699985702,5,,,,,
E5,multiplicity,8.0,200,14,,,persistent_cc_dca,GREEN,93,1,123,15.0,-2.499999999999798,8.99169299262979e-07,0.18861156799994203,5,,,,,
E5,multiplicity,16.0,200,14,,,persistent_cc_dca,GREEN,88,1,123,14.0,-2.499999999999829,8.245922275765407e-07,0.184301709999999,5,,,,,
E5,extra_negative,0.0,200,14,,,persistent_cc_dca,GREEN,85,1,123,15.0,-2.499999999999771,9.55679512644881e-07,0.16039952699975402,5,,,,,
E5,extra_negative,2.0,200,14,,,persistent_cc_dca,GREEN,85,1,123,15.0,-2.499999999999767,9.639564796546072e-07,0.19395227399991202,5,,,,,
E5,extra_negative,5.0,200,14,,,persistent_cc_dca,GREEN,87,1,123,15.0,-2.499999999999819,8.497724406629071e-07,0.172770475000106,5,,,,,
E5,extra_negative,10.0,200,14,,,persistent_cc_dca,GREEN,88,1,123,14.0,-2.499999999999767,9.637513538594384e-07,0.22249782400012902,5,,,,,
E5,extra_negative,20.0,200,14,,,persistent_cc_dca,GREEN,88,1,123,13.0,-2.499999999999788,9.261178256162181e-07,0.185845375000099,5,,,,,
E5,dimension,100.0,100,14,,,persistent_cc_dca,GREEN,83,1,100,15.0,-2.499999999999771,9.566190400705658e-07,0.09993598899973201,5,,,,,
E5,dimension,200.0,200,14,,,persistent_cc_dca,GREEN,85,1,123,15.0,-2.499999999999771,9.55679512644881e-07,0.16279676099975401,5,,,,,
E5,dimension,400.0,400,14,,,persistent_cc_dca,GREEN,79,1,128,15.0,-2.499999999999836,8.091561027530424e-07,0.31390184100018803,5,,,,,
E5,dimension,800.0,800,14,,,persistent_cc_dca,GREEN,90,1,132,15.0,-2.499999999999779,9.383563986079139e-07,0.38207344499960505,5,,,,,
E5,generic,0.0,100,14,0.1,0.1,persistent_cc_dca,GREEN,262,0,100,,-2.515434502316678,1.0060490139384829e-06,0.15771855299999502,5,1.131095217488109e-12,3.930189507173054e-14,6.264830806932631e-15,1.9707915141062132e-13,0.014494874889084
E5,generic,0.0,100,14,0.1,0.5,persistent_cc_dca,GREEN,229,0,100,,-2.595551328940704,9.099175001680171e-07,0.146708970999952,5,7.016609515630989e-13,1.5543122344752194e-15,6.769944781307353e-15,7.885133955959644e-15,0.07306947797518501
E5,generic,0.0,100,14,0.25,0.1,persistent_cc_dca,GREEN,625,0,100,,-2.516118106130221,9.951862008837587e-07,0.129769571999986,5,2.69517741458003e-12,7.149836278586008e-14,7.685262778623847e-15,3.585299770480372e-13,0.014520096381033002
E5,generic,0.0,100,14,0.25,0.5,persistent_cc_dca,GREEN,474,0,100,,-2.610511375305278,9.667747317985265e-07,0.100302393999754,5,1.7612578062653481e-12,0.0,7.827313766324696e-15,5.634775579737254e-16,0.07535464024421201
E5,generic,0.0,200,14,0.1,0.1,persistent_cc_dca,GREEN,421,0,123,,-2.5054273790719943,9.866204199997435e-07,0.201186102000065,5,8.628653347386717e-13,0.0,8.836072220238883e-15,1.0490017608750738e-12,0.004538071385571001
E5,generic,0.0,200,14,0.1,0.5,persistent_cc_dca,GREEN,392,0,123,,-2.5447599638615843,9.704758489905435e-07,0.21709061899991802,5,7.439560079092189e-11,1.4467982367705188e-11,8.837482466560966e-15,7.267169257608582e-11,0.022932066761461003
E5,generic,0.0,200,14,0.25,0.1,persistent_cc_dca,GREEN,970,0,123,,-2.5060932536026,1.0021028963497448e-06,0.27120393899986,5,2.894129380592858e-12,0.0,8.720437422411683e-15,2.0530026888570833e-12,0.004547845481669001
E5,generic,0.0,200,14,0.25,0.5,persistent_cc_dca,GREEN,812,0,123,,-2.560470682797713,9.700565672459698e-07,0.25082304200032,5,3.646416502078864e-12,0.0,8.779403348373503e-15,2.44867298758748e-13,0.024074147813746002
E5,generic,0.0,400,14,0.1,0.1,persistent_cc_dca,GREEN,912,0,128,,-2.507021988876089,1.0007857722853799e-06,0.363741785999991,5,3.538058734875449e-12,0.0,7.852841345464771e-15,3.968060122475828e-13,0.005757447889598
E5,generic,0.0,400,14,0.1,0.5,persistent_cc_dca,GREEN,788,0,128,,-2.559487801571535,9.587370006651546e-07,0.34748771500017,5,3.1676883338604962e-12,4.440892098500626e-15,7.92236772686238e-15,2.233802327069603e-14,0.030075663905006003
E5,generic,0.0,400,14,0.25,0.1,persistent_cc_dca,GREEN,2013,0,128,,-2.508056066349962,1.0020733525025188e-06,0.5661956720000481,5,9.121592370320286e-12,0.0,6.564446069131357e-15,3.3178721655369593e-13,0.005818374665055
E5,generic,0.0,400,14,0.25,0.5,persistent_cc_dca,GREEN,1376,0,128,,-2.580253854694898,9.649796314130524e-07,0.476696417999846,5,6.31406038564819e-12,5.995204332975846e-15,6.8935583162516606e-15,3.018947565433817e-14,0.035604122495852
E5,gap,0.1,200,15,,,persistent_cc_dca,GREEN,1655,1,123,16.0,-2.499999999994933,1.0066917981163539e-06,0.263246540999716,5,,,,,
E5,gap,0.25,200,15,,,persistent_cc_dca,GREEN,669,1,123,15.0,-2.499999999997984,1.0042043889577688e-06,0.22334499299995503,5,,,,,
E5,gap,0.5,200,15,,,persistent_cc_dca,GREEN,340,1,123,14.0,-2.499999999999035,9.827395003789446e-07,0.18250838399990202,5,,,,,
E5,gap,1.0,200,15,,,persistent_cc_dca,GREEN,172,1,123,13.0,-2.4999999999995532,9.461807553555752e-07,0.19227891199989203,5,,,,,
E5,gap,2.0,200,15,,,persistent_cc_dca,GREEN,81,1,123,15.0,-2.499999999999761,9.781459871756525e-07,0.17185527900028302,5,,,,,
E5,multiplicity,1.0,200,15,,,persistent_cc_dca,GREEN,81,1,123,15.0,-2.499999999999761,9.781459871756525e-07,0.211562620999757,5,,,,,
E5,multiplicity,2.0,200,15,,,persistent_cc_dca,GREEN,77,1,123,15.0,-2.499999999999832,8.168228943356016e-07,0.200489604999802,5,,,,,
E5,multiplicity,4.0,200,15,,,persistent_cc_dca,GREEN,74,1,123,15.0,-2.499999999999826,8.340002487021146e-07,0.181289536999884,5,,,,,
E5,multiplicity,8.0,200,15,,,persistent_cc_dca,GREEN,81,1,123,15.0,-2.499999999999841,7.969269364265492e-07,0.145220357999733,5,,,,,
E5,multiplicity,16.0,200,15,,,persistent_cc_dca,GREEN,85,1,123,14.0,-2.499999999999838,8.088131061766702e-07,0.172514390000287,5,,,,,
E5,extra_negative,0.0,200,15,,,persistent_cc_dca,GREEN,81,1,123,15.0,-2.499999999999761,9.781459871756525e-07,0.190598210000189,5,,,,,
E5,extra_negative,2.0,200,15,,,persistent_cc_dca,GREEN,79,1,123,15.0,-2.499999999999816,8.561685103776725e-07,0.18708725699980203,5,,,,,
E5,extra_negative,5.0,200,15,,,persistent_cc_dca,GREEN,79,1,123,15.0,-2.499999999999843,7.921489595555156e-07,0.153035747000103,5,,,,,
E5,extra_negative,10.0,200,15,,,persistent_cc_dca,GREEN,78,1,123,14.0,-2.499999999999764,9.73962120948772e-07,0.163715111000328,5,,,,,
E5,extra_negative,20.0,200,15,,,persistent_cc_dca,GREEN,82,1,123,13.0,-2.499999999999795,9.052512820349992e-07,0.268731873000433,5,,,,,
E5,dimension,100.0,100,15,,,persistent_cc_dca,GREEN,89,1,100,15.0,-2.4999999999998233,8.414237491329661e-07,0.08912390999967101,5,,,,,
E5,dimension,200.0,200,15,,,persistent_cc_dca,GREEN,81,1,123,15.0,-2.499999999999761,9.781459871756525e-07,0.19199346699997402,5,,,,,
E5,dimension,400.0,400,15,,,persistent_cc_dca,GREEN,87,1,128,15.0,-2.499999999999765,9.679053016398012e-07,0.228332300000147,5,,,,,
E5,dimension,800.0,800,15,,,persistent_cc_dca,GREEN,78,1,132,15.0,-2.499999999999829,8.256797477838732e-07,0.36480082300022304,5,,,,,
E5,generic,0.0,100,15,0.1,0.1,persistent_cc_dca,GREEN,235,0,100,,-2.483020621213427,9.769764879429754e-07,0.09385717499981101,5,0.035959185164135,0.0,3.881889184896459e-15,9.470848671145584e-15,0.017989476029836002
E5,generic,0.0,100,15,0.1,0.5,persistent_cc_dca,GREEN,204,0,100,,-2.614333404888428,9.154405419870275e-07,0.09456652100016001,5,-1.983702091479244e-11,0.0,4.038828650858261e-15,2.0515796616196197e-11,0.09048973834936201
E5,generic,0.0,100,15,0.25,0.1,persistent_cc_dca,GREEN,650,0,100,,-2.483560236593881,9.885933300198296e-07,0.11084604399957201,5,0.035920846128911006,0.0,5.701022426173986e-15,8.356660162974837e-15,0.018006879471379002
E5,generic,0.0,100,15,0.25,0.5,persistent_cc_dca,GREEN,399,0,100,,-2.625364459550297,9.409731520638618e-07,0.11916666199977001,5,8.553158181712206e-13,0.0,6.066051249441637e-15,6.772769255254494e-13,0.092127060806425
E5,generic,0.0,200,15,0.1,0.1,persistent_cc_dca,GREEN,412,0,123,,-2.498021400208612,9.993843585113527e-07,0.180197932000282,5,0.005982773647445001,0.0,6.62733998965136e-15,4.3880100517087215e-14,0.0029975781704770004
E5,generic,0.0,200,15,0.1,0.5,persistent_cc_dca,GREEN,393,0,123,,-2.510764008764052,9.471905919740855e-07,0.184284964000198,5,0.029151269614839003,2.686739719592878e-14,6.7223351881951434e-15,1.347491100077762e-13,0.015339186938241002
E5,generic,0.0,200,15,0.25,0.1,persistent_cc_dca,GREEN,958,0,123,,-2.49872569413018,1.000469094526244e-06,0.20937434999996102,5,0.005950202139470001,0.0,8.163756554637889e-15,7.915105792253463e-13,0.0030129819776480004
E5,generic,0.0,200,15,0.25,0.5,persistent_cc_dca,GREEN,2892,0,123,,-2.530895500647356,9.675694303667658e-07,0.28769167399968804,5,0.024328352737281,0.0,7.879259283746704e-15,1.3089978531333642e-13,0.017193398808678
E5,generic,0.0,400,15,0.1,0.1,persistent_cc_dca,GREEN,1133,0,128,,-2.493915104613686,1.004536201323994e-06,0.369171944999834,5,0.014477925624491001,7.749356711883593e-14,7.198990185011416e-15,3.880310280205999e-13,0.007267602297318001
E5,generic,0.0,400,15,0.1,0.5,persistent_cc_dca,GREEN,827,0,128,,-2.563534567542641,9.634525967613365e-07,0.370160360000227,5,2.950972799453666e-12,0.0,7.379110664046885e-15,3.467590325534747e-14,0.037625321919942
E5,generic,0.0,400,15,0.25,0.1,persistent_cc_dca,GREEN,3943,0,128,,-2.49492763316537,1.004584522585298e-06,0.730219140999906,5,0.014318740502154,0.0,7.789463405607027e-15,1.639979800213558e-13,0.007330452296218001
E5,generic,0.0,400,15,0.25,0.5,persistent_cc_dca,GREEN,1273,0,128,,-2.580117465751049,9.673787787772255e-07,0.41085435000013604,5,5.60707036356689e-12,7.993605777301127e-15,7.878981996044265e-15,4.030556759970202e-14,0.042226089527066
E5,gap,0.1,200,16,,,persistent_cc_dca,GREEN,1655,1,123,16.0,-2.499999999994932,1.006693407077728e-06,0.274980949000109,5,,,,,
E5,gap,0.25,200,16,,,persistent_cc_dca,GREEN,669,1,123,15.0,-2.499999999997977,1.005584073010898e-06,0.23211706599977303,5,,,,,
E5,gap,0.5,200,16,,,persistent_cc_dca,GREEN,340,1,123,14.0,-2.499999999999014,9.9213105340922e-07,0.23947978500018502,5,,,,,
E5,gap,1.0,200,16,,,persistent_cc_dca,GREEN,158,1,123,13.0,-2.499999999999579,9.153993989770583e-07,0.15485461699972802,5,,,,,
E5,gap,2.0,200,16,,,persistent_cc_dca,GREEN,88,1,123,15.0,-2.499999999999829,8.212445487991499e-07,0.174418035999678,5,,,,,
E5,multiplicity,1.0,200,16,,,persistent_cc_dca,GREEN,88,1,123,15.0,-2.499999999999829,8.212445487991499e-07,0.17644185900007803,5,,,,,
E5,multiplicity,2.0,200,16,,,persistent_cc_dca,GREEN,93,1,123,15.0,-2.499999999999743,1.0107562050019568e-06,0.18504742499999302,5,,,,,
E5,multiplicity,4.0,200,16,,,persistent_cc_dca,GREEN,72,1,123,15.0,-2.4999999999998233,8.39810321212217e-07,0.15859968600034302,5,,,,,
E5,multiplicity,8.0,200,16,,,persistent_cc_dca,GREEN,94,1,123,15.0,-2.499999999999817,8.5455129225576e-07,0.19545161599990002,5,,,,,
E5,multiplicity,16.0,200,16,,,persistent_cc_dca,GREEN,83,1,123,14.0,-2.499999999999743,1.0159877831837788e-06,0.18808921800018602,5,,,,,
E5,extra_negative,0.0,200,16,,,persistent_cc_dca,GREEN,88,1,123,15.0,-2.499999999999829,8.212445487991499e-07,0.16874840199989102,5,,,,,
E5,extra_negative,2.0,200,16,,,persistent_cc_dca,GREEN,88,1,123,15.0,-2.4999999999998233,8.339609891772987e-07,0.173570705999736,5,,,,,
E5,extra_negative,5.0,200,16,,,persistent_cc_dca,GREEN,89,1,123,15.0,-2.4999999999997913,9.1089978864043e-07,0.15193843199995102,5,,,,,
E5,extra_negative,10.0,200,16,,,persistent_cc_dca,GREEN,90,1,123,14.0,-2.499999999999776,9.441686917063276e-07,0.170733979000033,5,,,,,
E5,extra_negative,20.0,200,16,,,persistent_cc_dca,GREEN,90,1,123,13.0,-2.499999999999771,9.522025193298709e-07,0.185906155999873,5,,,,,
E5,dimension,100.0,100,16,,,persistent_cc_dca,GREEN,87,1,100,15.0,-2.499999999999822,8.428461198106545e-07,0.10805376000007501,5,,,,,
E5,dimension,200.0,200,16,,,persistent_cc_dca,GREEN,88,1,123,15.0,-2.499999999999829,8.212445487991499e-07,0.18230243000016302,5,,,,,
E5,dimension,400.0,400,16,,,persistent_cc_dca,GREEN,78,1,128,15.0,-2.4999999999997993,8.940884486871082e-07,0.22167152800011503,5,,,,,
E5,dimension,800.0,800,16,,,persistent_cc_dca,GREEN,81,1,132,15.0,-2.499999999999795,9.060475719167744e-07,0.394425583000156,5,,,,,
E5,generic,0.0,100,16,0.1,0.1,persistent_cc_dca,GREEN,236,0,100,,-2.5074346358676403,9.73297813662491e-07,0.10341739000023101,5,-2.36066721726047e-10,0.0,4.640623694999401e-15,2.36952064508768e-10,0.006754869117913001
E5,generic,0.0,100,16,0.1,0.5,persistent_cc_dca,GREEN,225,0,100,,-2.5506530139972012,9.267635610561449e-07,0.092842713000209,5,7.229772336359019e-13,0.0,4.632448392463488e-15,4.135713948532182e-14,0.033945891221756
E5,generic,0.0,100,16,0.25,0.1,persistent_cc_dca,GREEN,579,0,100,,-2.507841325097519,9.940909770230545e-07,0.10178451499996301,5,-2.369171525629099e-10,0.0,6.546820715277556e-15,2.393308932823098e-10,0.006761095157718001
E5,generic,0.0,100,16,0.25,0.5,persistent_cc_dca,GREEN,510,0,100,,-2.56022642135512,9.705200891897578e-07,0.10398124700031901,5,1.995292819856331e-12,0.0,6.5482509416164025e-15,3.186069383185024e-14,0.034659960311797
E5,generic,0.0,200,16,0.1,0.1,persistent_cc_dca,GREEN,518,0,123,,-2.4977017055863673,9.94772022217783e-07,0.19888858399963202,5,0.006083972129000001,0.0,7.112630157283929e-15,1.8218739387654322e-13,0.003043165695132
E5,generic,0.0,200,16,0.1,0.5,persistent_cc_dca,GREEN,550,0,123,,-2.503454101747103,9.66213126422423e-07,0.204504897000333,5,0.030277686945985004,0.0,7.491053962222512e-15,1.174866130553637e-13,0.015285941015712002
E5,generic,0.0,200,16,0.25,0.1,persistent_cc_dca,GREEN,1274,0,123,,-2.49808661024572,1.006528011645912e-06,0.227867157000218,5,0.006079833570992001,5.573319583618286e-14,6.252623087621919e-15,2.78835698240749e-13,0.0030452059546970003
E5,generic,0.0,200,16,0.25,0.5,persistent_cc_dca,GREEN,1518,0,123,,-2.513297678528506,9.638628608165183e-07,0.22239791499987402,5,0.029752275426796003,0.0,6.276373195722828e-15,1.826423051522542e-13,0.015535472108418002
E5,generic,0.0,400,16,0.1,0.1,persistent_cc_dca,GREEN,864,0,128,,-2.503081204002091,1.000186628085339e-06,0.339339166000172,5,3.914202295618452e-12,0.0,8.988097962232831e-15,1.937837226174064e-13,0.001285392379479
E5,generic,0.0,400,16,0.1,0.5,persistent_cc_dca,GREEN,1029,0,128,,-2.550593588611454,9.590207838515541e-07,0.34894904199973104,5,4.599876035626948e-12,0.0,8.50237672507309e-15,1.1675152535571321e-13,0.007639296065972001
E5,generic,0.0,400,16,0.25,0.1,persistent_cc_dca,GREEN,1823,0,128,,-2.504983771198021,1.0065120574260108e-06,0.47179504799987604,5,1.0808243189330819e-11,0.0,6.792545398530076e-15,1.893434664162303e-13,0.001332344851454
E5,generic,0.0,400,16,0.25,0.5,persistent_cc_dca,GREEN,2518,0,128,,-2.588783068995414,9.67741804093424e-07,0.5848116860001931,5,1.469357968630902e-11,0.0,7.828421852893512e-15,1.2840865621515402e-13,0.028705880710555003
E5,gap,0.1,200,17,,,persistent_cc_dca,GREEN,1655,1,123,16.0,-2.499999999994931,1.006693394694293e-06,0.23140376900028,5,,,,,
E5,gap,0.25,200,17,,,persistent_cc_dca,GREEN,669,1,123,15.0,-2.499999999997976,1.005622218442624e-06,0.20638289299995402,5,,,,,
E5,gap,0.5,200,17,,,persistent_cc_dca,GREEN,340,1,123,14.0,-2.499999999999006,9.96801915854128e-07,0.17941582100002001,5,,,,,
E5,gap,1.0,200,17,,,persistent_cc_dca,GREEN,155,1,123,13.0,-2.499999999999481,1.016964173973661e-06,0.17321134300027502,5,,,,,
E5,gap,2.0,200,17,,,persistent_cc_dca,GREEN,87,1,123,15.0,-2.499999999999787,9.214615896102708e-07,0.18228063800006503,5,,,,,
E5,multiplicity,1.0,200,17,,,persistent_cc_dca,GREEN,87,1,123,15.0,-2.499999999999787,9.214615896102708e-07,0.148976970000148,5,,,,,
E5,multiplicity,2.0,200,17,,,persistent_cc_dca,GREEN,85,1,123,15.0,-2.49999999999978,9.329343259447316e-07,0.171045938000133,5,,,,,
E5,multiplicity,4.0,200,17,,,persistent_cc_dca,GREEN,78,1,123,15.0,-2.4999999999998073,8.738025836398203e-07,0.181541112000104,5,,,,,
E5,multiplicity,8.0,200,17,,,persistent_cc_dca,GREEN,79,1,123,15.0,-2.499999999999819,8.53746458311623e-07,0.19037846199989802,5,,,,,
E5,multiplicity,16.0,200,17,,,persistent_cc_dca,GREEN,84,1,123,14.0,-2.499999999999827,8.289217664413114e-07,0.179173336000076,5,,,,,
E5,extra_negative,0.0,200,17,,,persistent_cc_dca,GREEN,87,1,123,15.0,-2.499999999999787,9.214615896102708e-07,0.15856869000026502,5,,,,,
E5,extra_negative,2.0,200,17,,,persistent_cc_dca,GREEN,88,1,123,15.0,-2.499999999999838,8.029745780700235e-07,0.145040662000155,5,,,,,
E5,extra_negative,5.0,200,17,,,persistent_cc_dca,GREEN,89,1,123,15.0,-2.49999999999979,9.119272817837842e-07,0.19013420900000702,5,,,,,
E5,extra_negative,10.0,200,17,,,persistent_cc_dca,GREEN,90,1,123,14.0,-2.49999999999984,7.980537304794355e-07,0.177138797999759,5,,,,,
E5,extra_negative,20.0,200,17,,,persistent_cc_dca,GREEN,90,1,123,13.0,-2.499999999999821,8.438374670956081e-07,0.182903203999558,5,,,,,
E5,dimension,100.0,100,17,,,persistent_cc_dca,GREEN,76,1,100,15.0,-2.499999999999789,9.191856757050189e-07,0.092868136000106,5,,,,,
E5,dimension,200.0,200,17,,,persistent_cc_dca,GREEN,87,1,123,15.0,-2.499999999999787,9.214615896102708e-07,0.15177429599998501,5,,,,,
E5,dimension,400.0,400,17,,,persistent_cc_dca,GREEN,76,1,128,15.0,-2.499999999999819,8.469408293217842e-07,0.251593701000274,5,,,,,
E5,dimension,800.0,800,17,,,persistent_cc_dca,GREEN,81,1,132,15.0,-2.499999999999837,8.077406878243126e-07,0.341663622000396,5,,,,,
E5,generic,0.0,100,17,0.1,0.1,persistent_cc_dca,GREEN,214,0,100,,-2.511596689914452,9.85111317625558e-07,0.09281104100000401,5,8.624212455288216e-13,0.0,5.978034356036068e-15,3.893928640914054e-14,0.01048445035081
E5,generic,0.0,100,17,0.1,0.5,persistent_cc_dca,GREEN,196,0,100,,-2.579992636992378,9.38716867571351e-07,0.08951614700026701,5,-1.49213974509621e-12,0.0,5.8475450150074416e-15,2.254538289963996e-12,0.052768252089757
E5,generic,0.0,100,17,0.25,0.1,persistent_cc_dca,GREEN,513,0,100,,-2.512115894478551,9.935867710772563e-07,0.110269268000138,5,2.443822921804894e-12,1.4432899320127032e-14,7.896239039160452e-15,7.231596952543429e-14,0.010494975502799
E5,generic,0.0,100,17,0.25,0.5,persistent_cc_dca,GREEN,420,0,100,,-2.592040001762957,9.384924922479202e-07,0.102827548999812,5,-2.5614621534941762e-11,0.0,8.104239792879988e-15,2.740120683234913e-11,0.05381541812062501
E5,generic,0.0,200,17,0.1,0.1,persistent_cc_dca,GREEN,443,0,123,,-2.500399269719511,1.00170146918175e-06,0.203764996000245,5,0.0007854402321440001,4.187852287174109e-10,7.640774412235574e-15,2.094090699349578e-09,0.000392935928107
E5,generic,0.0,200,17,0.1,0.5,persistent_cc_dca,GREEN,447,0,123,,-2.517849211373564,9.641407952115925e-07,0.194982222999897,5,0.0039010699154030004,0.0,7.48746281648493e-15,1.332794615796285e-14,0.0019777792179630003
E5,generic,0.0,200,17,0.25,0.1,persistent_cc_dca,GREEN,1057,0,123,,-2.500832411058168,1.002667988395733e-06,0.244308449000072,5,0.000784552692782,4.220188642989342e-10,5.69800682143601e-15,2.1102603348938194e-09,0.000393379095562
E5,generic,0.0,200,17,0.25,0.5,persistent_cc_dca,GREEN,1076,0,123,,-2.528723729215287,9.69694442779174e-07,0.210586241999862,5,0.0037877919768640003,0.0,6.1301317168614e-15,4.0706242304105544e-13,0.002035952862833
E5,generic,0.0,400,17,0.1,0.1,persistent_cc_dca,GREEN,963,0,128,,-2.492370019070797,9.979102959152585e-07,0.370133312000234,5,0.017438538250463,0.0,9.184400152193256e-15,4.000223684306655e-11,0.008731620896931
E5,generic,0.0,400,17,0.1,0.5,persistent_cc_dca,GREEN,656,0,128,,-2.570136829571735,9.526339854587245e-07,0.312092624999877,5,-1.0095035918311619e-11,0.0,9.202339917444357e-15,1.282858747263132e-11,0.044294037755467
E5,generic,0.0,400,17,0.25,0.1,persistent_cc_dca,GREEN,2383,0,128,,-2.510595294412472,1.0031148301834688e-06,0.592700556999716,5,-1.167252960954101e-10,0.0,7.086862956370757e-15,1.255948852295612e-10,0.008758486110549
E5,generic,0.0,400,17,0.25,0.5,persistent_cc_dca,GREEN,1018,0,128,,-2.587525260921447,9.674170381005187e-07,0.36863582800015104,5,3.975930695787611e-12,0.0,7.330556338908473e-15,9.648462652971005e-13,0.046784298329657005
E5,gap,0.1,200,18,,,persistent_cc_dca,GREEN,1655,1,123,16.0,-2.499999999994933,1.006693317932109e-06,0.22375302000000302,5,,,,,
E5,gap,0.25,200,18,,,persistent_cc_dca,GREEN,669,1,123,15.0,-2.499999999997979,1.005412166278161e-06,0.212959163999585,5,,,,,
E5,gap,0.5,200,18,,,persistent_cc_dca,GREEN,340,1,123,14.0,-2.4999999999990252,9.870577721678808e-07,0.185649379000096,5,,,,,
E5,gap,1.0,200,18,,,persistent_cc_dca,GREEN,176,1,123,13.0,-2.499999999999494,1.006649316940865e-06,0.1720970450001,5,,,,,
E5,gap,2.0,200,18,,,persistent_cc_dca,GREEN,56,1,123,15.0,-2.499999999999795,9.074290056163839e-07,0.150763147999896,5,,,,,
E5,multiplicity,1.0,200,18,,,persistent_cc_dca,GREEN,56,1,123,15.0,-2.499999999999795,9.074290056163839e-07,0.167065102999913,5,,,,,
E5,multiplicity,2.0,200,18,,,persistent_cc_dca,GREEN,80,1,123,15.0,-2.499999999999759,9.809668985947258e-07,0.167331123000167,5,,,,,
E5,multiplicity,4.0,200,18,,,persistent_cc_dca,GREEN,86,1,123,15.0,-2.499999999999778,9.42046600840798e-07,0.149606794999726,5,,,,,
E5,multiplicity,8.0,200,18,,,persistent_cc_dca,GREEN,89,1,123,15.0,-2.499999999999796,9.027081884618246e-07,0.17617667200011,5,,,,,
E5,multiplicity,16.0,200,18,,,persistent_cc_dca,GREEN,87,1,123,14.0,-2.499999999999797,9.021935277744351e-07,0.17742720200021703,5,,,,,
E5,extra_negative,0.0,200,18,,,persistent_cc_dca,GREEN,56,1,123,15.0,-2.499999999999795,9.074290056163839e-07,0.178455137999662,5,,,,,
E5,extra_negative,2.0,200,18,,,persistent_cc_dca,GREEN,67,1,123,15.0,-2.499999999999821,8.450560589757211e-07,0.157576625999809,5,,,,,
E5,extra_negative,5.0,200,18,,,persistent_cc_dca,GREEN,80,1,123,15.0,-2.499999999999811,8.690655485399826e-07,0.170879618000071,5,,,,,
E5,extra_negative,10.0,200,18,,,persistent_cc_dca,GREEN,79,1,123,14.0,-2.499999999999793,9.123169993518216e-07,0.17347559099971402,5,,,,,
E5,extra_negative,20.0,200,18,,,persistent_cc_dca,GREEN,78,1,123,13.0,-2.499999999999835,8.143663763262921e-07,0.17630885000016802,5,,,,,
E5,dimension,100.0,100,18,,,persistent_cc_dca,GREEN,87,1,100,15.0,-2.499999999999827,8.309723841349434e-07,0.06635725500018401,5,,,,,
E5,dimension,200.0,200,18,,,persistent_cc_dca,GREEN,56,1,123,15.0,-2.499999999999795,9.074290056163839e-07,0.245319724000182,5,,,,,
E5,dimension,400.0,400,18,,,persistent_cc_dca,GREEN,82,1,128,15.0,-2.499999999999779,9.412176689107919e-07,0.23576343600007002,5,,,,,
E5,dimension,800.0,800,18,,,persistent_cc_dca,GREEN,88,1,132,15.0,-2.499999999999812,8.643291350134185e-07,0.457133785999758,5,,,,,
E5,generic,0.0,100,18,0.1,0.1,persistent_cc_dca,GREEN,281,0,100,,-2.507657790097431,9.601716676559787e-07,0.11353309500009301,5,1.040056929468846e-12,3.552713678800501e-14,4.073650865659103e-15,1.7787386383062393e-13,0.0067041679159260004
E5,generic,0.0,100,18,0.1,0.5,persistent_cc_dca,GREEN,257,0,100,,-2.557197056761665,9.62876244924254e-07,0.10571781100043101,5,7.336353746723034e-13,0.0,4.0553502465559515e-15,9.221193666843322e-14,0.033765377200819
E5,generic,0.0,100,18,0.25,0.1,persistent_cc_dca,GREEN,687,0,100,,-2.508297323271364,9.848422010053502e-07,0.12112431400009802,5,2.265743148655019e-12,0.0,8.79097338748351e-15,1.0450108438125481e-13,0.006713241268427
E5,generic,0.0,100,18,0.25,0.5,persistent_cc_dca,GREEN,575,0,100,,-2.572311404802113,9.50866580485849e-07,0.14306205499997302,5,1.897149104479467e-12,0.0,8.78327224796471e-15,5.757479783927726e-14,0.034831807667973
E5,generic,0.0,200,18,0.1,0.1,persistent_cc_dca,GREEN,446,0,123,,-2.5004101813284763,9.958906804780198e-07,0.208803033000094,5,0.0011244752054350002,0.0,8.98975069060327e-15,3.2721955352401187e-12,0.000562807326366
E5,generic,0.0,200,18,0.1,0.5,persistent_cc_dca,GREEN,451,0,123,,-2.52153393370819,9.591886740638649e-07,0.19530914500001,5,0.005553501075791001,6.217248937900877e-14,9.272645778083604e-15,3.110395448713859e-13,0.0028484942152220004
E5,generic,0.0,200,18,0.25,0.1,persistent_cc_dca,GREEN,1067,0,123,,-2.501037180004045,1.002578398936676e-06,0.21719802400002602,5,0.0011217920895400001,5.59996493620929e-13,5.2843735650659634e-15,2.800298385906164e-12,0.000564142463601
E5,generic,0.0,200,18,0.25,0.5,persistent_cc_dca,GREEN,1168,0,123,,-2.537354466577879,9.660731399607673e-07,0.26116690999970105,5,0.005203065914063,1.3100631690576841e-14,5.2912698147638274e-15,6.554286941302601e-14,0.003031224835543
E5,generic,0.0,400,18,0.1,0.1,persistent_cc_dca,GREEN,991,0,128,,-2.491327299594249,9.956647016822823e-07,0.351219457999832,5,0.019412452676574002,0.0,7.707243809653944e-15,8.954674567958358e-14,0.009722863041157001
E5,generic,0.0,400,18,0.1,0.5,persistent_cc_dca,GREEN,2246,1,128,1719.0,-2.573483690429647,9.685657526174286e-07,0.5841859710003511,5,2.382538610845586e-12,0.0,7.890713655599572e-15,3.722341394121909e-13,0.049378107082289006
E5,generic,0.0,400,18,0.25,0.1,persistent_cc_dca,GREEN,2681,0,128,,-2.492105235209852,1.003590469384016e-06,0.5717492859998851,5,0.019325325108921,0.0,5.930558215711609e-15,9.955886818444354e-14,0.009757336948472
E5,generic,0.0,400,18,0.25,0.5,persistent_cc_dca,GREEN,1132,0,128,,-2.5881130609641962,9.603971454878373e-07,0.38055853400010103,5,4.6771475581408595e-12,2.442490654175344e-15,6.129870416066266e-15,1.233950435944314e-14,0.052017021374977004
E5,gap,0.1,200,19,,,persistent_cc_dca,GREEN,1655,1,123,16.0,-2.499999999994933,1.0066918745326181e-06,0.30277421799974,5,,,,,
E5,gap,0.25,200,19,,,persistent_cc_dca,GREEN,669,1,123,15.0,-2.4999999999979883,1.002938853405418e-06,0.19908540999995203,5,,,,,
E5,gap,0.5,200,19,,,persistent_cc_dca,GREEN,340,1,123,14.0,-2.499999999999051,9.745445093509905e-07,0.19196579800018201,5,,,,,
E5,gap,1.0,200,19,,,persistent_cc_dca,GREEN,154,1,123,13.0,-2.499999999999493,1.0061470782852958e-06,0.15244250100022302,5,,,,,
E5,gap,2.0,200,19,,,persistent_cc_dca,GREEN,87,1,123,15.0,-2.499999999999837,8.049370267407961e-07,0.152651975000026,5,,,,,
E5,multiplicity,1.0,200,19,,,persistent_cc_dca,GREEN,87,1,123,15.0,-2.499999999999837,8.049370267407961e-07,0.170533497999713,5,,,,,
E5,multiplicity,2.0,200,19,,,persistent_cc_dca,GREEN,80,1,123,15.0,-2.499999999999841,7.938789514620392e-07,0.168391950000113,5,,,,,
E5,multiplicity,4.0,200,19,,,persistent_cc_dca,GREEN,89,1,123,15.0,-2.499999999999843,7.953658988937818e-07,0.148440775000381,5,,,,,
E5,multiplicity,8.0,200,19,,,persistent_cc_dca,GREEN,85,1,123,15.0,-2.49999999999977,9.607737734967806e-07,0.16884763600000902,5,,,,,
E5,multiplicity,16.0,200,19,,,persistent_cc_dca,GREEN,81,1,123,14.0,-2.49999999999982,8.440880209719551e-07,0.18341496999983,5,,,,,
E5,extra_negative,0.0,200,19,,,persistent_cc_dca,GREEN,87,1,123,15.0,-2.499999999999837,8.049370267407961e-07,0.158211187000233,5,,,,,
E5,extra_negative,2.0,200,19,,,persistent_cc_dca,GREEN,87,1,123,15.0,-2.499999999999786,9.26850493145098e-07,0.20231508300003,5,,,,,
E5,extra_negative,5.0,200,19,,,persistent_cc_dca,GREEN,88,1,123,15.0,-2.499999999999843,7.935033942628871e-07,0.147359267999945,5,,,,,
E5,extra_negative,10.0,200,19,,,persistent_cc_dca,GREEN,87,1,123,14.0,-2.499999999999781,9.349478553531023e-07,0.18277802199963802,5,,,,,
E5,extra_negative,20.0,200,19,,,persistent_cc_dca,GREEN,89,1,123,13.0,-2.499999999999821,8.483982956864699e-07,0.171147440999902,5,,,,,
E5,dimension,100.0,100,19,,,persistent_cc_dca,GREEN,83,1,100,15.0,-2.499999999999788,9.19114491521941e-07,0.092066725000222,5,,,,,
E5,dimension,200.0,200,19,,,persistent_cc_dca,GREEN,87,1,123,15.0,-2.499999999999837,8.049370267407961e-07,0.20055835099992603,5,,,,,
E5,dimension,400.0,400,19,,,persistent_cc_dca,GREEN,84,1,128,15.0,-2.499999999999762,9.772170355939382e-07,0.22079863700037003,5,,,,,
E5,dimension,800.0,800,19,,,persistent_cc_dca,GREEN,75,1,132,15.0,-2.49999999999983,8.222914375002634e-07,0.336922392999895,5,,,,,
E5,generic,0.0,100,19,0.1,0.1,persistent_cc_dca,GREEN,245,0,100,,-2.49975416077516,9.730247327147e-07,0.09236758299994101,5,0.002229890504418,3.386180225106727e-13,4.6666960949173824e-15,1.693468104420182e-12,0.0011162780528200002
E5,generic,0.0,100,19,0.1,0.5,persistent_cc_dca,GREEN,250,0,100,,-2.516234334517975,9.67903275879639e-07,0.09380234900027001,5,0.010988057051074002,0.0,5.3450074709201985e-15,1.750025594734713e-12,0.005661871283635001
E5,generic,0.0,100,19,0.25,0.1,persistent_cc_dca,GREEN,618,0,100,,-2.500519360047349,9.979635939861215e-07,0.10825789099999301,5,0.0022225833413280003,0.0,5.692552905834807e-15,2.3314353212821492e-12,0.001119906722887
E5,generic,0.0,100,19,0.25,0.5,persistent_cc_dca,GREEN,737,0,100,,-2.535773035442365,9.582884704394128e-07,0.128948146999846,5,0.010018935160847,0.0,5.5082123380563114e-15,2.098688241042324e-10,0.006171387884033001
E5,generic,0.0,200,19,0.1,0.1,persistent_cc_dca,GREEN,426,0,123,,-2.507377123396645,9.998217390212704e-07,0.16063732599968703,5,2.1533885785629532e-12,4.063416270128073e-14,5.9513461071044354e-15,2.034335044304069e-13,0.0064647800407380005
E5,generic,0.0,200,19,0.1,0.5,persistent_cc_dca,GREEN,380,0,123,,-2.554791006896253,9.423079332099513e-07,0.19756930100038503,5,1.4455103780619528e-12,0.0,5.8922737566659795e-15,1.497462300172384e-13,0.032813923177398
E5,generic,0.0,200,19,0.25,0.1,persistent_cc_dca,GREEN,978,0,123,,-2.507920026386066,9.985773949282744e-07,0.209801026999684,5,4.6487258487104555e-12,0.0,5.9940323797171504e-15,1.956527344691363e-13,0.006486261643301
E5,generic,0.0,200,19,0.25,0.5,persistent_cc_dca,GREEN,784,0,123,,-2.566531854705447,9.695628992611413e-07,0.206338000999949,5,3.740563414567077e-12,0.0,6.733977245953222e-15,7.825655176072006e-14,0.034802533555411005
E5,generic,0.0,400,19,0.1,0.1,persistent_cc_dca,GREEN,919,0,128,,-2.502642867419987,1.001402789669992e-06,0.340372273999946,5,2.652988939644274e-12,0.0,8.105986247111797e-15,1.4270652056812089e-12,0.0015022011978950002
E5,generic,0.0,400,19,0.1,0.5,persistent_cc_dca,GREEN,932,0,128,,-2.535751019700305,9.652302695852304e-07,0.361694999000064,5,3.276490190273762e-12,0.0,8.076107081922594e-15,6.076991582480303e-13,0.007929922487087
E5,generic,0.0,400,19,0.25,0.1,persistent_cc_dca,GREEN,2137,0,128,,-2.503583539141567,1.004140108244965e-06,0.521992751000198,5,9.884537632842694e-12,0.0,6.161790696431816e-15,5.14744837345577e-13,0.001520297001999
E5,generic,0.0,400,19,0.25,0.5,persistent_cc_dca,GREEN,2387,0,128,,-2.557283052223545,9.663874811825362e-07,0.5473770869998581,5,7.538858426414663e-12,0.0,7.7032962327222e-15,5.181593758274424e-12,0.010913403253163001
